"UID","NumShifts","V_Durations","V_Intervals","V_Hours","ROT_NM","QUARTER","ROLE","SOURCE"
1,16,2,0,0,"E",1,"Sr FLC","ERS"
2,21,5,3,0,"A",3,"Jr FLC","ERS"
3,17,3,0,0,"M",4,"Sr FLC","ERS"
4,23,1,0,0,"D",1,"Jr FLC","ERS"
5,23,1,0,0,"F",4,"Jr FLC","ERS"
6,22,1,0,0,"B",3,"Jr FLC","ERS"
7,23,1,0,0,"F",1,"Jr FLC","ERS"
8,23,0,0,0,"C",4,"Sr FLC","ERS"
9,19,0,0,0,"G",2,"Jr FLC","ERS"
10,20,0,2,0,"C",3,"Sr FLC","ERS"
11,18,1,0,0,"G",1,"Jr FLC","ERS"
12,20,0,0,0,"A",2,"Jr FLC","ERS"
13,17,4,0,0,"H",2,"Sr FLC","ERS"
14,19,1,0,0,"E",2,"Sr FLC","ERS"
15,22,0,1,0,"C",2,"Sr FLC","ERS"
16,22,1,0,0,"A",3,"Jr FLC","ERS"
17,19,0,0,0,"N",3,"Sr FLC","ERS"
18,20,0,0,0,"A",3,"Jr FLC","ERS"
19,21,0,0,0,"A",3,"Jr FLC","ERS"
20,15,0,0,0,"H",3,"Sr FLC","ERS"
21,20,2,0,0,"J",2,"Sr FLC","ERS"
22,19,2,0,0,"J",1,"Sr FLC","ERS"
23,20,0,0,0,"A",2,"Jr FLC","ERS"
24,18,0,0,0,"G",3,"Jr FLC","ERS"
25,22,0,0,0,"C",4,"Sr FLC","ERS"
26,22,0,0,0,"A",4,"Jr FLC","ERS"
27,20,3,1,0,"I",4,"Sr FLC","ERS"
28,20,2,0,0,"J",4,"Sr FLC","ERS"
29,24,2,1,1,"A",2,"Jr FLC","ERS"
30,23,0,0,0,"B",3,"Jr FLC","ERS"
31,17,3,0,0,"H",2,"Sr FLC","ERS"
32,16,2,0,0,"I",4,"Sr FLC","ERS"
33,22,0,0,0,"D",3,"Jr FLC","ERS"
34,17,0,0,0,"H",1,"Sr FLC","ERS"
35,22,1,0,0,"D",1,"Jr FLC","ERS"
36,17,1,0,0,"I",1,"Sr FLC","ERS"
37,20,0,0,0,"A",1,"Jr FLC","ERS"
38,17,0,0,0,"A",1,"Jr FLC","ERS"
39,22,0,0,0,"G",4,"Jr FLC","ERS"
40,16,5,0,0,"M",2,"Sr FLC","ERS"
41,24,0,0,0,"F",2,"Jr FLC","ERS"
42,15,3,0,0,"L",1,"Sr FLC","ERS"
43,23,0,0,0,"D",2,"Jr FLC","ERS"
44,20,0,0,0,"A",3,"Jr FLC","ERS"
45,16,0,0,0,"D",1,"Jr FLC","ERS"
46,21,2,2,0,"G",3,"Jr FLC","ERS"
47,17,7,0,0,"M",2,"Sr FLC","ERS"
48,22,0,0,0,"C",1,"Sr FLC","ERS"
49,22,2,0,0,"J",4,"Sr FLC","ERS"
50,17,1,0,0,"G",1,"Jr FLC","ERS"
51,17,3,0,0,"E",2,"Sr FLC","ERS"
52,15,2,0,0,"K",1,"Sr FLC","ERS"
53,22,2,1,0,"A",3,"Jr FLC","ERS"
54,17,2,1,0,"H",2,"Sr FLC","ERS"
55,21,0,0,0,"F",3,"Jr FLC","ERS"
56,20,2,2,0,"B",2,"Jr FLC","ERS"
57,20,0,0,0,"G",2,"Jr FLC","ERS"
58,18,1,0,0,"J",3,"Sr FLC","ERS"
59,12,2,0,0,"H",2,"Sr FLC","ERS"
60,23,0,1,0,"A",2,"Jr FLC","ERS"
61,17,1,0,0,"J",2,"Sr FLC","ERS"
62,21,0,0,0,"D",1,"Jr FLC","ERS"
63,20,0,0,0,"G",1,"Jr FLC","ERS"
64,13,2,0,0,"H",3,"Sr FLC","ERS"
65,19,0,1,0,"C",1,"Sr FLC","ERS"
66,17,0,0,0,"A",1,"Jr FLC","ERS"
67,15,5,0,0,"L",3,"Sr FLC","ERS"
68,23,0,0,0,"G",4,"Jr FLC","ERS"
69,17,2,0,0,"E",1,"Sr FLC","ERS"
70,23,2,1,0,"F",1,"Jr FLC","ERS"
71,21,1,0,0,"D",2,"Jr FLC","ERS"
72,16,2,0,0,"M",4,"Sr FLC","ERS"
73,20,2,0,0,"J",2,"Sr FLC","ERS"
74,17,0,0,0,"L",1,"Sr FLC","ERS"
75,19,6,0,0,"L",4,"Sr FLC","ERS"
76,18,0,1,0,"H",1,"Sr FLC","ERS"
77,20,1,0,0,"J",4,"Sr FLC","ERS"
78,21,0,0,0,"A",2,"Jr FLC","ERS"
79,23,0,0,0,"G",3,"Jr FLC","ERS"
80,24,1,1,0,"A",2,"Jr FLC","ERS"
81,22,0,0,0,"B",4,"Jr FLC","ERS"
82,17,2,0,0,"J",3,"Sr FLC","ERS"
83,23,1,0,0,"F",2,"Jr FLC","ERS"
84,17,4,0,0,"E",3,"Sr FLC","ERS"
85,19,1,0,0,"C",2,"Sr FLC","ERS"
86,22,1,0,0,"N",2,"Sr FLC","ERS"
87,18,4,0,0,"L",4,"Sr FLC","ERS"
88,22,1,0,0,"F",1,"Jr FLC","ERS"
89,16,0,0,0,"B",4,"Jr FLC","ERS"
90,22,0,0,0,"C",1,"Sr FLC","ERS"
91,23,0,0,0,"B",4,"Jr FLC","ERS"
92,22,0,0,0,"F",3,"Jr FLC","ERS"
93,17,2,0,0,"H",4,"Sr FLC","ERS"
94,23,0,0,0,"G",4,"Jr FLC","ERS"
95,21,0,0,0,"D",3,"Jr FLC","ERS"
96,19,0,0,0,"F",4,"Jr FLC","ERS"
97,24,0,1,0,"C",4,"Sr FLC","ERS"
98,14,0,0,0,"G",1,"Jr FLC","ERS"
99,24,0,0,0,"F",2,"Jr FLC","ERS"
100,17,0,0,0,"D",1,"Jr FLC","ERS"
101,19,0,0,0,"N",3,"Sr FLC","ERS"
102,21,0,0,0,"D",3,"Jr FLC","ERS"
103,23,2,1,0,"A",1,"Jr FLC","ERS"
104,22,2,2,0,"D",4,"Jr FLC","ERS"
105,13,3,0,0,"H",3,"Sr FLC","ERS"
106,23,0,0,0,"G",3,"Jr FLC","ERS"
107,18,3,0,0,"J",1,"Sr FLC","ERS"
108,23,0,0,0,"F",1,"Jr FLC","ERS"
109,14,2,0,0,"E",3,"Sr FLC","ERS"
110,23,1,1,0,"G",1,"Jr FLC","ERS"
111,21,0,0,0,"F",3,"Jr FLC","ERS"
112,14,0,0,0,"B",1,"Jr FLC","ERS"
113,16,4,0,0,"L",4,"Sr FLC","ERS"
114,24,0,0,0,"B",2,"Jr FLC","ERS"
115,24,1,0,0,"F",2,"Jr FLC","ERS"
116,19,3,0,0,"E",4,"Sr FLC","ERS"
117,24,1,0,0,"G",3,"Jr FLC","ERS"
118,16,2,0,0,"M",2,"Sr FLC","ERS"
119,23,0,0,0,"F",4,"Jr FLC","ERS"
120,17,4,0,0,"L",3,"Sr FLC","ERS"
121,23,2,1,0,"A",2,"Jr FLC","ERS"
122,14,0,0,0,"B",2,"Jr FLC","ERS"
123,20,0,0,0,"A",2,"Jr FLC","ERS"
124,20,1,0,0,"J",1,"Sr FLC","ERS"
125,23,1,0,0,"F",1,"Jr FLC","ERS"
126,22,1,0,0,"C",4,"Sr FLC","ERS"
127,16,4,0,0,"K",3,"Sr FLC","ERS"
128,20,0,0,0,"J",3,"Sr FLC","ERS"
129,16,3,0,0,"E",1,"Sr FLC","ERS"
130,16,4,0,0,"I",4,"Sr FLC","ERS"
131,24,0,0,0,"D",2,"Jr FLC","ERS"
132,15,2,0,0,"E",3,"Sr FLC","ERS"
133,16,1,0,0,"F",4,"Jr FLC","ERS"
134,23,0,0,0,"B",4,"Jr FLC","ERS"
135,24,0,0,0,"C",4,"Sr FLC","ERS"
136,23,0,0,0,"D",1,"Jr FLC","ERS"
137,20,3,0,0,"J",1,"Sr FLC","ERS"
138,23,1,0,0,"F",1,"Jr FLC","ERS"
139,20,0,0,0,"J",4,"Sr FLC","ERS"
140,23,1,0,0,"D",4,"Jr FLC","ERS"
141,20,0,0,0,"N",3,"Sr FLC","ERS"
142,17,3,0,0,"M",4,"Sr FLC","ERS"
143,17,2,0,0,"E",1,"Sr FLC","ERS"
144,14,6,0,0,"M",1,"Sr FLC","ERS"
145,17,0,0,0,"K",4,"Sr FLC","ERS"
146,20,0,0,0,"D",2,"Jr FLC","ERS"
147,24,5,3,1,"F",2,"Jr FLC","ERS"
148,16,6,0,0,"L",2,"Sr FLC","ERS"
149,23,0,0,0,"A",1,"Jr FLC","ERS"
150,21,1,0,0,"B",3,"Jr FLC","ERS"
151,18,1,0,0,"B",1,"Jr FLC","ERS"
152,14,0,0,0,"A",1,"Jr FLC","ERS"
153,22,0,0,0,"G",2,"Jr FLC","ERS"
154,17,5,0,0,"H",4,"Sr FLC","ERS"
155,17,5,0,0,"M",4,"Sr FLC","ERS"
156,17,4,0,0,"I",3,"Sr FLC","ERS"
157,15,2,0,0,"E",1,"Sr FLC","ERS"
158,19,2,0,0,"C",3,"Sr FLC","ERS"
159,22,0,0,0,"N",2,"Sr FLC","ERS"
160,14,4,0,0,"E",2,"Sr FLC","ERS"
161,18,2,0,0,"J",3,"Sr FLC","ERS"
162,18,6,0,0,"M",1,"Sr FLC","ERS"
163,21,2,0,0,"J",4,"Sr FLC","ERS"
164,22,0,0,0,"D",4,"Jr FLC","ERS"
165,20,1,0,0,"N",3,"Sr FLC","ERS"
166,17,3,0,0,"L",4,"Sr FLC","ERS"
167,18,4,0,0,"L",4,"Sr FLC","ERS"
168,22,1,0,0,"N",3,"Sr FLC","ERS"
169,17,7,0,0,"H",4,"Sr FLC","ERS"
170,22,2,2,0,"G",4,"Jr FLC","ERS"
171,22,0,0,0,"F",4,"Jr FLC","ERS"
172,23,0,0,0,"B",1,"Jr FLC","ERS"
173,23,1,1,0,"F",4,"Jr FLC","ERS"
174,16,0,0,0,"F",1,"Jr FLC","ERS"
175,22,0,0,0,"G",4,"Jr FLC","ERS"
176,18,2,0,0,"J",2,"Sr FLC","ERS"
177,16,4,0,0,"M",3,"Sr FLC","ERS"
178,17,0,0,0,"F",1,"Jr FLC","ERS"
179,23,1,0,0,"F",3,"Jr FLC","ERS"
180,23,0,0,0,"B",3,"Jr FLC","ERS"
181,18,2,1,0,"C",3,"Sr FLC","ERS"
182,17,0,0,0,"C",3,"Sr FLC","ERS"
183,24,0,0,0,"F",2,"Jr FLC","ERS"
184,20,0,0,0,"A",1,"Jr FLC","ERS"
185,19,5,0,0,"I",4,"Sr FLC","ERS"
186,21,0,0,0,"C",3,"Sr FLC","ERS"
187,21,0,0,0,"D",4,"Jr FLC","ERS"
188,18,0,0,0,"B",4,"Jr FLC","ERS"
189,20,2,0,0,"J",1,"Sr FLC","ERS"
190,23,1,0,0,"D",2,"Jr FLC","ERS"
191,17,1,0,0,"L",4,"Sr FLC","ERS"
192,17,3,0,0,"M",1,"Sr FLC","ERS"
193,23,0,0,0,"G",2,"Jr FLC","ERS"
194,20,3,0,0,"J",4,"Sr FLC","ERS"
195,15,0,0,0,"G",3,"Jr FLC","ERS"
196,22,0,0,0,"A",1,"Jr FLC","ERS"
197,21,0,0,0,"C",4,"Sr FLC","ERS"
198,19,6,0,0,"I",4,"Sr FLC","ERS"
199,23,1,0,0,"F",1,"Jr FLC","ERS"
200,22,0,0,0,"C",1,"Sr FLC","ERS"
201,22,1,0,0,"D",4,"Jr FLC","ERS"
202,16,2,0,0,"M",1,"Sr FLC","ERS"
203,23,1,1,0,"D",4,"Jr FLC","ERS"
204,17,5,0,0,"I",3,"Sr FLC","ERS"
205,23,0,0,0,"B",4,"Jr FLC","ERS"
206,17,4,0,0,"E",3,"Sr FLC","ERS"
207,20,2,2,0,"E",4,"Sr FLC","ERS"
208,21,0,0,0,"C",4,"Sr FLC","ERS"
209,20,0,1,0,"C",4,"Sr FLC","ERS"
210,22,0,0,0,"C",1,"Sr FLC","ERS"
211,24,0,1,0,"G",3,"Jr FLC","ERS"
212,21,0,0,0,"G",4,"Jr FLC","ERS"
213,20,1,0,0,"J",3,"Sr FLC","ERS"
214,23,0,0,0,"D",1,"Jr FLC","ERS"
215,20,2,0,0,"J",1,"Sr FLC","ERS"
216,23,1,0,0,"D",1,"Jr FLC","ERS"
217,20,0,0,0,"G",3,"Jr FLC","ERS"
218,18,5,0,0,"E",4,"Sr FLC","ERS"
219,23,0,0,0,"A",4,"Jr FLC","ERS"
220,17,0,0,0,"K",2,"Sr FLC","ERS"
221,20,0,0,0,"G",2,"Jr FLC","ERS"
222,17,6,0,0,"E",4,"Sr FLC","ERS"
223,20,0,2,0,"B",3,"Jr FLC","ERS"
224,22,0,0,0,"D",3,"Jr FLC","ERS"
225,20,0,0,0,"D",2,"Jr FLC","ERS"
226,21,0,0,0,"F",3,"Jr FLC","ERS"
227,17,3,0,0,"L",1,"Sr FLC","ERS"
228,16,0,0,0,"A",1,"Jr FLC","ERS"
229,17,0,0,0,"K",4,"Sr FLC","ERS"
230,24,1,1,0,"D",2,"Jr FLC","ERS"
231,23,1,0,0,"A",1,"Jr FLC","ERS"
232,23,0,0,0,"D",1,"Jr FLC","ERS"
233,23,1,1,0,"A",1,"Jr FLC","ERS"
234,17,4,0,0,"M",3,"Sr FLC","ERS"
235,16,7,0,0,"M",3,"Sr FLC","ERS"
236,16,1,0,0,"F",3,"Jr FLC","ERS"
237,17,4,0,0,"M",4,"Sr FLC","ERS"
238,15,1,0,0,"H",3,"Sr FLC","ERS"
239,21,0,0,0,"F",1,"Jr FLC","ERS"
240,19,1,0,0,"J",2,"Sr FLC","ERS"
241,22,1,0,0,"G",2,"Jr FLC","ERS"
242,21,0,0,0,"A",3,"Jr FLC","ERS"
243,21,0,0,0,"A",3,"Jr FLC","ERS"
244,16,0,0,0,"E",4,"Sr FLC","ERS"
245,20,0,0,0,"G",3,"Jr FLC","ERS"
246,22,0,0,0,"B",3,"Jr FLC","ERS"
247,21,1,1,0,"B",4,"Jr FLC","ERS"
248,19,0,0,0,"D",3,"Jr FLC","ERS"
249,21,0,0,0,"C",4,"Sr FLC","ERS"
250,15,2,0,0,"E",4,"Sr FLC","ERS"
251,21,1,0,0,"F",4,"Jr FLC","ERS"
252,22,0,0,0,"A",4,"Jr FLC","ERS"
253,16,6,0,0,"I",1,"Sr FLC","ERS"
254,19,1,0,0,"G",1,"Jr FLC","ERS"
255,16,2,0,0,"M",4,"Sr FLC","ERS"
256,15,1,0,0,"H",1,"Sr FLC","ERS"
257,21,0,1,0,"C",2,"Sr FLC","ERS"
258,17,5,0,0,"M",3,"Sr FLC","ERS"
259,23,0,0,0,"A",2,"Jr FLC","ERS"
260,21,0,0,0,"N",3,"Sr FLC","ERS"
261,23,1,0,0,"A",2,"Jr FLC","ERS"
262,14,6,0,0,"M",3,"Sr FLC","ERS"
263,23,0,1,0,"B",4,"Jr FLC","ERS"
264,21,0,0,0,"A",3,"Jr FLC","ERS"
265,19,0,0,0,"B",3,"Jr FLC","ERS"
266,19,2,0,0,"J",4,"Sr FLC","ERS"
267,22,0,0,0,"B",3,"Jr FLC","ERS"
268,9,1,0,0,"G",3,"Jr FLC","ERS"
269,17,3,0,0,"L",2,"Sr FLC","ERS"
270,23,1,0,0,"D",2,"Jr FLC","ERS"
271,16,3,0,0,"E",4,"Sr FLC","ERS"
272,23,0,0,0,"B",2,"Jr FLC","ERS"
273,21,0,0,0,"B",1,"Jr FLC","ERS"
274,19,0,1,0,"I",2,"Sr FLC","ERS"
275,18,5,0,0,"E",4,"Sr FLC","ERS"
276,17,1,0,0,"M",1,"Sr FLC","ERS"
277,23,0,0,0,"G",4,"Jr FLC","ERS"
278,20,0,0,0,"D",2,"Jr FLC","ERS"
279,23,2,1,0,"D",3,"Jr FLC","ERS"
280,14,0,0,0,"D",1,"Jr FLC","ERS"
281,16,1,0,0,"F",1,"Jr FLC","ERS"
282,20,0,2,0,"D",1,"Jr FLC","ERS"
283,18,0,0,0,"F",1,"Jr FLC","ERS"
284,19,0,0,0,"B",2,"Jr FLC","ERS"
285,16,0,0,0,"D",4,"Jr FLC","ERS"
286,21,2,0,0,"J",4,"Sr FLC","ERS"
287,21,0,0,0,"D",2,"Jr FLC","ERS"
288,13,6,0,0,"L",2,"Sr FLC","ERS"
289,16,3,0,0,"L",1,"Sr FLC","ERS"
290,21,0,0,0,"F",3,"Jr FLC","ERS"
291,19,2,0,0,"J",4,"Sr FLC","ERS"
292,21,2,1,0,"E",4,"Sr FLC","ERS"
293,21,0,1,0,"C",2,"Sr FLC","ERS"
294,18,2,0,0,"M",3,"Sr FLC","ERS"
295,19,1,0,0,"J",1,"Sr FLC","ERS"
296,23,0,0,0,"N",2,"Sr FLC","ERS"
297,16,0,0,0,"K",1,"Sr FLC","ERS"
298,18,0,0,0,"D",3,"Jr FLC","ERS"
299,17,5,0,0,"I",3,"Sr FLC","ERS"
300,21,0,0,0,"D",3,"Jr FLC","ERS"
301,17,5,0,0,"I",2,"Sr FLC","ERS"
302,17,6,1,1,"M",2,"Sr FLC","ERS"
303,19,2,0,0,"J",2,"Sr FLC","ERS"
304,14,3,0,0,"E",1,"Sr FLC","ERS"
305,19,0,0,0,"D",4,"Jr FLC","ERS"
306,17,3,0,0,"E",1,"Sr FLC","ERS"
307,20,0,0,0,"G",3,"Jr FLC","ERS"
308,23,0,0,0,"B",1,"Jr FLC","ERS"
309,15,3,0,0,"E",3,"Sr FLC","ERS"
310,20,3,1,0,"C",3,"Sr FLC","ERS"
311,22,1,0,0,"G",3,"Jr FLC","ERS"
312,23,0,0,0,"G",4,"Jr FLC","ERS"
313,23,1,0,0,"A",4,"Jr FLC","ERS"
314,17,1,0,0,"E",2,"Sr FLC","ERS"
315,20,2,0,0,"J",4,"Sr FLC","ERS"
316,18,1,0,0,"B",3,"Jr FLC","ERS"
317,14,1,1,0,"F",1,"Jr FLC","ERS"
318,14,0,0,0,"A",1,"Jr FLC","ERS"
319,18,5,0,0,"E",4,"Sr FLC","ERS"
320,18,4,0,0,"E",2,"Sr FLC","ERS"
321,18,2,0,0,"J",3,"Sr FLC","ERS"
322,16,1,0,0,"I",2,"Sr FLC","ERS"
323,21,0,0,0,"F",4,"Jr FLC","ERS"
324,18,2,0,0,"L",4,"Sr FLC","ERS"
325,21,3,1,0,"G",2,"Jr FLC","ERS"
326,21,1,0,0,"A",2,"Jr FLC","ERS"
327,22,0,0,0,"A",4,"Jr FLC","ERS"
328,23,0,0,0,"B",4,"Jr FLC","ERS"
329,22,0,0,0,"D",4,"Jr FLC","ERS"
330,16,2,0,0,"L",1,"Sr FLC","ERS"
331,17,3,0,0,"E",4,"Sr FLC","ERS"
332,22,0,0,0,"B",2,"Jr FLC","ERS"
333,17,0,0,0,"A",4,"Jr FLC","ERS"
334,21,1,2,0,"N",2,"Sr FLC","ERS"
335,13,0,0,0,"H",3,"Sr FLC","ERS"
336,23,2,2,0,"F",3,"Jr FLC","ERS"
337,16,2,0,0,"L",2,"Sr FLC","ERS"
338,20,0,0,0,"A",3,"Jr FLC","ERS"
339,20,0,0,0,"D",1,"Jr FLC","ERS"
340,15,0,0,0,"L",2,"Sr FLC","ERS"
341,21,1,1,0,"F",2,"Jr FLC","ERS"
342,16,6,0,0,"E",2,"Sr FLC","ERS"
343,24,1,0,0,"B",2,"Jr FLC","ERS"
344,23,0,0,0,"G",1,"Jr FLC","ERS"
345,17,4,0,0,"L",1,"Sr FLC","ERS"
346,16,1,0,0,"M",1,"Sr FLC","ERS"
347,22,1,1,0,"J",4,"Sr FLC","ERS"
348,18,0,0,0,"F",4,"Jr FLC","ERS"
349,16,1,0,0,"D",4,"Jr FLC","ERS"
350,18,0,0,0,"G",3,"Jr FLC","ERS"
351,23,0,0,0,"A",1,"Jr FLC","ERS"
352,23,1,0,0,"G",1,"Jr FLC","ERS"
353,13,1,0,0,"E",2,"Sr FLC","ERS"
354,17,0,0,0,"I",1,"Sr FLC","ERS"
355,21,0,0,0,"D",3,"Jr FLC","ERS"
356,17,5,0,0,"H",2,"Sr FLC","ERS"
357,15,3,0,0,"H",2,"Sr FLC","ERS"
358,23,1,1,0,"A",4,"Jr FLC","ERS"
359,16,5,0,0,"M",3,"Sr FLC","ERS"
360,22,0,0,0,"F",4,"Jr FLC","ERS"
361,17,4,0,0,"I",1,"Sr FLC","ERS"
362,23,0,0,0,"F",2,"Jr FLC","ERS"
363,22,2,0,0,"J",2,"Sr FLC","ERS"
364,16,2,0,0,"M",2,"Sr FLC","ERS"
365,20,1,0,0,"G",4,"Jr FLC","ERS"
366,24,1,0,0,"G",2,"Jr FLC","ERS"
367,18,0,0,0,"D",1,"Jr FLC","ERS"
368,23,2,0,0,"G",3,"Jr FLC","ERS"
369,20,2,0,0,"J",4,"Sr FLC","ERS"
370,17,0,0,0,"B",2,"Jr FLC","ERS"
371,22,0,0,0,"A",3,"Jr FLC","ERS"
372,19,0,0,0,"B",4,"Jr FLC","ERS"
373,20,1,0,0,"J",3,"Sr FLC","ERS"
374,21,1,0,0,"B",1,"Jr FLC","ERS"
375,17,8,0,0,"E",2,"Sr FLC","ERS"
376,19,0,0,0,"B",2,"Jr FLC","ERS"
377,17,2,0,0,"K",2,"Sr FLC","ERS"
378,17,0,0,0,"D",1,"Jr FLC","ERS"
379,22,0,0,0,"D",3,"Jr FLC","ERS"
380,18,1,2,0,"G",2,"Jr FLC","ERS"
381,22,0,0,0,"F",3,"Jr FLC","ERS"
382,17,2,0,0,"E",3,"Sr FLC","ERS"
383,21,0,0,0,"F",3,"Jr FLC","ERS"
384,18,1,0,0,"J",2,"Sr FLC","ERS"
385,17,2,0,0,"E",3,"Sr FLC","ERS"
386,14,4,0,0,"L",1,"Sr FLC","ERS"
387,22,0,0,0,"D",2,"Jr FLC","ERS"
388,21,0,0,0,"C",2,"Sr FLC","ERS"
389,23,0,0,0,"F",3,"Jr FLC","ERS"
390,23,0,0,0,"D",3,"Jr FLC","ERS"
391,23,0,0,0,"D",2,"Jr FLC","ERS"
392,23,1,0,0,"D",3,"Jr FLC","ERS"
393,17,0,0,0,"B",2,"Jr FLC","ERS"
394,23,2,3,0,"B",2,"Jr FLC","ERS"
395,16,0,0,0,"B",3,"Jr FLC","ERS"
396,17,3,0,0,"E",4,"Sr FLC","ERS"
397,21,1,0,0,"A",2,"Jr FLC","ERS"
398,21,0,0,0,"F",3,"Jr FLC","ERS"
399,17,3,0,0,"E",1,"Sr FLC","ERS"
400,15,2,0,0,"K",1,"Sr FLC","ERS"
401,16,0,0,0,"B",1,"Jr FLC","ERS"
402,16,2,0,0,"E",1,"Sr FLC","ERS"
403,23,0,0,0,"A",4,"Jr FLC","ERS"
404,16,3,0,0,"I",2,"Sr FLC","ERS"
405,23,0,0,0,"F",1,"Jr FLC","ERS"
406,23,0,0,0,"D",3,"Jr FLC","ERS"
407,17,4,0,0,"H",1,"Sr FLC","ERS"
408,22,1,1,0,"G",3,"Jr FLC","ERS"
409,17,1,0,0,"L",1,"Sr FLC","ERS"
410,21,1,0,0,"B",4,"Jr FLC","ERS"
411,23,0,0,0,"D",1,"Jr FLC","ERS"
412,24,0,0,0,"A",1,"Jr FLC","ERS"
413,22,0,0,0,"B",3,"Jr FLC","ERS"
414,17,6,0,0,"H",4,"Sr FLC","ERS"
415,20,0,0,0,"A",3,"Jr FLC","ERS"
416,20,0,0,0,"C",4,"Sr FLC","ERS"
417,23,1,0,0,"D",4,"Jr FLC","ERS"
418,21,1,0,0,"D",3,"Jr FLC","ERS"
419,17,1,0,0,"H",4,"Sr FLC","ERS"
420,22,0,0,0,"G",3,"Jr FLC","ERS"
421,21,0,0,0,"N",2,"Sr FLC","ERS"
422,23,1,0,0,"F",4,"Jr FLC","ERS"
423,18,0,0,0,"C",2,"Sr FLC","ERS"
424,23,0,0,0,"G",1,"Jr FLC","ERS"
425,23,0,0,0,"G",1,"Jr FLC","ERS"
426,20,0,0,0,"B",1,"Jr FLC","ERS"
427,15,1,0,0,"E",2,"Sr FLC","ERS"
428,21,0,0,0,"G",3,"Jr FLC","ERS"
429,24,1,0,0,"G",2,"Jr FLC","ERS"
430,14,3,0,0,"K",3,"Sr FLC","ERS"
431,17,0,1,0,"F",3,"Jr FLC","ERS"
432,22,0,0,0,"B",3,"Jr FLC","ERS"
433,15,3,0,0,"M",2,"Sr FLC","ERS"
434,17,3,0,0,"E",2,"Sr FLC","ERS"
435,18,0,0,0,"G",3,"Jr FLC","ERS"
436,16,2,0,0,"M",3,"Sr FLC","ERS"
437,23,1,0,0,"G",2,"Jr FLC","ERS"
438,18,0,0,0,"A",3,"Jr FLC","ERS"
439,24,0,1,0,"C",4,"Sr FLC","ERS"
440,23,0,0,0,"A",3,"Jr FLC","ERS"
441,22,0,0,0,"G",4,"Jr FLC","ERS"
442,19,2,0,0,"J",1,"Sr FLC","ERS"
443,16,1,0,0,"E",2,"Sr FLC","ERS"
444,17,6,0,0,"L",4,"Sr FLC","ERS"
445,22,0,0,0,"F",4,"Jr FLC","ERS"
446,23,0,0,0,"B",1,"Jr FLC","ERS"
447,15,0,0,0,"B",1,"Jr FLC","ERS"
448,13,0,0,0,"G",4,"Jr FLC","ERS"
449,20,0,0,0,"F",2,"Jr FLC","ERS"
450,21,0,0,0,"B",3,"Jr FLC","ERS"
451,20,0,0,0,"N",4,"Sr FLC","ERS"
452,13,4,0,0,"L",3,"Sr FLC","ERS"
453,23,1,0,0,"A",3,"Jr FLC","ERS"
454,17,2,0,0,"I",4,"Sr FLC","ERS"
455,18,0,0,0,"A",2,"Jr FLC","ERS"
456,13,0,0,0,"D",1,"Jr FLC","ERS"
457,23,0,0,0,"A",3,"Jr FLC","ERS"
458,20,3,2,0,"F",2,"Jr FLC","ERS"
459,18,0,0,0,"A",3,"Jr FLC","ERS"
460,22,0,0,0,"D",4,"Jr FLC","ERS"
461,21,0,0,0,"D",3,"Jr FLC","ERS"
462,19,1,0,0,"E",3,"Sr FLC","ERS"
463,15,5,0,0,"I",3,"Sr FLC","ERS"
464,20,2,0,0,"J",4,"Sr FLC","ERS"
465,18,2,0,1,"I",2,"Sr FLC","ERS"
466,17,1,0,0,"L",4,"Sr FLC","ERS"
467,21,0,0,0,"N",4,"Sr FLC","ERS"
468,23,0,0,0,"D",2,"Jr FLC","ERS"
469,14,2,0,0,"I",1,"Sr FLC","ERS"
470,20,1,0,0,"J",3,"Sr FLC","ERS"
471,17,4,0,0,"K",4,"Sr FLC","ERS"
472,20,2,0,0,"J",3,"Sr FLC","ERS"
473,22,0,0,0,"B",1,"Jr FLC","ERS"
474,25,1,0,0,"B",2,"Jr FLC","ERS"
475,17,0,0,0,"I",1,"Sr FLC","ERS"
476,16,3,0,0,"E",1,"Sr FLC","ERS"
477,18,0,0,0,"L",2,"Sr FLC","ERS"
478,17,3,0,0,"L",3,"Sr FLC","ERS"
479,23,2,1,0,"F",4,"Jr FLC","ERS"
480,17,4,0,0,"L",3,"Sr FLC","ERS"
481,17,0,0,0,"M",4,"Sr FLC","ERS"
482,23,0,0,0,"G",3,"Jr FLC","ERS"
483,21,0,0,0,"A",4,"Jr FLC","ERS"
484,18,0,0,0,"A",4,"Jr FLC","ERS"
485,20,1,0,0,"J",3,"Sr FLC","ERS"
486,22,0,0,0,"C",2,"Sr FLC","ERS"
487,22,0,0,0,"G",3,"Jr FLC","ERS"
488,20,1,0,0,"B",3,"Jr FLC","ERS"
489,16,7,0,0,"H",3,"Sr FLC","ERS"
490,17,7,0,1,"H",4,"Sr FLC","ERS"
491,20,0,0,0,"A",3,"Jr FLC","ERS"
492,22,0,0,0,"A",4,"Jr FLC","ERS"
493,17,2,0,0,"M",4,"Sr FLC","ERS"
494,19,3,1,0,"H",4,"Sr FLC","ERS"
495,18,1,0,0,"J",1,"Sr FLC","ERS"
496,17,7,0,0,"M",1,"Sr FLC","ERS"
497,23,2,1,0,"G",1,"Jr FLC","ERS"
498,17,2,0,0,"I",2,"Sr FLC","ERS"
499,23,0,0,0,"B",1,"Jr FLC","ERS"
500,18,7,0,0,"E",4,"Sr FLC","ERS"
501,17,4,0,0,"M",3,"Sr FLC","ERS"
502,17,4,0,0,"I",1,"Sr FLC","ERS"
503,23,0,0,0,"F",3,"Jr FLC","ERS"
504,15,5,0,0,"E",2,"Sr FLC","ERS"
505,23,0,0,0,"C",1,"Sr FLC","ERS"
506,23,0,0,0,"G",4,"Jr FLC","ERS"
507,24,0,0,0,"B",2,"Jr FLC","ERS"
508,18,4,0,0,"M",4,"Sr FLC","ERS"
509,18,0,0,0,"A",3,"Jr FLC","ERS"
510,23,0,0,0,"B",2,"Jr FLC","ERS"
511,21,1,0,0,"B",2,"Jr FLC","ERS"
512,20,1,0,0,"F",3,"Jr FLC","ERS"
513,16,0,0,0,"B",3,"Jr FLC","ERS"
514,15,2,0,0,"M",1,"Sr FLC","ERS"
515,17,0,0,0,"L",4,"Sr FLC","ERS"
516,22,0,0,0,"D",4,"Jr FLC","ERS"
517,19,0,1,0,"N",3,"Sr FLC","ERS"
518,17,4,0,0,"M",4,"Sr FLC","ERS"
519,17,4,0,0,"M",4,"Sr FLC","ERS"
520,24,0,0,0,"A",4,"Jr FLC","ERS"
521,20,1,0,0,"N",3,"Sr FLC","ERS"
522,22,0,0,0,"A",3,"Jr FLC","ERS"
523,19,2,0,0,"C",3,"Sr FLC","ERS"
524,16,3,0,0,"M",1,"Sr FLC","ERS"
525,23,1,0,0,"D",3,"Jr FLC","ERS"
526,18,2,0,0,"N",3,"Sr FLC","ERS"
527,21,0,0,0,"G",3,"Jr FLC","ERS"
528,18,0,0,0,"G",2,"Jr FLC","ERS"
529,13,0,0,0,"F",1,"Jr FLC","ERS"
530,15,0,0,0,"I",1,"Sr FLC","ERS"
531,21,0,0,0,"F",3,"Jr FLC","ERS"
532,18,4,1,0,"M",4,"Sr FLC","ERS"
533,17,4,0,0,"E",3,"Sr FLC","ERS"
534,23,0,0,0,"B",4,"Jr FLC","ERS"
535,16,3,0,0,"I",1,"Sr FLC","ERS"
536,23,1,0,0,"D",4,"Jr FLC","ERS"
537,19,0,0,0,"D",3,"Jr FLC","ERS"
538,5,1,0,0,"L",3,"Sr FLC","ERS"
539,23,3,2,0,"G",2,"Jr FLC","ERS"
540,15,1,0,0,"L",2,"Sr FLC","ERS"
541,23,1,0,0,"D",2,"Jr FLC","ERS"
542,20,0,1,0,"C",1,"Sr FLC","ERS"
543,17,0,0,0,"D",3,"Jr FLC","ERS"
544,19,2,3,0,"D",2,"Jr FLC","ERS"
545,15,0,0,0,"L",2,"Sr FLC","ERS"
546,17,1,0,0,"J",3,"Sr FLC","ERS"
547,23,0,0,0,"G",1,"Jr FLC","ERS"
548,19,3,0,0,"J",1,"Sr FLC","ERS"
549,17,4,0,0,"L",2,"Sr FLC","ERS"
550,23,1,1,0,"D",3,"Jr FLC","ERS"
551,23,0,0,0,"B",1,"Jr FLC","ERS"
552,16,2,0,0,"E",3,"Sr FLC","ERS"
553,21,0,0,0,"J",4,"Sr FLC","ERS"
554,16,1,0,0,"L",1,"Sr FLC","ERS"
555,19,1,0,0,"J",2,"Sr FLC","ERS"
556,19,2,0,0,"J",2,"Sr FLC","ERS"
557,23,0,0,0,"G",4,"Jr FLC","ERS"
558,21,1,0,0,"D",3,"Jr FLC","ERS"
559,22,0,0,0,"G",1,"Jr FLC","ERS"
560,23,0,0,0,"A",1,"Jr FLC","ERS"
561,22,1,1,0,"D",3,"Jr FLC","ERS"
562,22,1,0,0,"F",3,"Jr FLC","ERS"
563,20,2,1,0,"J",4,"Sr FLC","ERS"
564,23,1,0,0,"F",2,"Jr FLC","ERS"
565,16,0,0,0,"B",1,"Jr FLC","ERS"
566,23,0,0,0,"G",3,"Jr FLC","ERS"
567,18,0,1,0,"F",1,"Jr FLC","ERS"
568,21,2,0,0,"C",2,"Sr FLC","ERS"
569,23,0,0,0,"A",4,"Jr FLC","ERS"
570,21,0,0,0,"F",3,"Jr FLC","ERS"
571,21,0,0,0,"G",2,"Jr FLC","ERS"
572,19,2,1,0,"A",3,"Jr FLC","ERS"
573,22,0,0,0,"B",4,"Jr FLC","ERS"
574,20,0,0,0,"F",3,"Jr FLC","ERS"
575,23,2,2,0,"G",2,"Jr FLC","ERS"
576,22,1,1,0,"D",1,"Jr FLC","ERS"
577,16,2,0,0,"H",1,"Sr FLC","ERS"
578,19,0,0,0,"B",1,"Jr FLC","ERS"
579,16,1,0,0,"E",1,"Sr FLC","ERS"
580,21,0,0,0,"F",3,"Jr FLC","ERS"
581,16,1,0,0,"J",3,"Sr FLC","ERS"
582,16,0,0,0,"F",2,"Jr FLC","ERS"
583,21,1,0,0,"B",4,"Jr FLC","ERS"
584,22,2,1,0,"A",4,"Jr FLC","ERS"
585,23,0,0,0,"A",2,"Jr FLC","ERS"
586,15,0,0,0,"A",1,"Jr FLC","ERS"
587,23,0,0,0,"A",4,"Jr FLC","ERS"
588,18,1,0,0,"C",3,"Sr FLC","ERS"
589,23,0,0,0,"B",4,"Jr FLC","ERS"
590,17,0,0,0,"E",3,"Sr FLC","ERS"
591,16,5,0,0,"I",3,"Sr FLC","ERS"
592,22,1,0,0,"F",4,"Jr FLC","ERS"
593,23,1,0,0,"F",4,"Jr FLC","ERS"
594,16,0,0,0,"G",1,"Jr FLC","ERS"
595,21,0,0,0,"C",4,"Sr FLC","ERS"
596,14,0,0,0,"G",1,"Jr FLC","ERS"
597,16,0,0,0,"F",2,"Jr FLC","ERS"
598,23,0,0,0,"F",4,"Jr FLC","ERS"
599,21,0,0,0,"C",1,"Sr FLC","ERS"
600,14,4,0,0,"H",1,"Sr FLC","ERS"
601,15,2,0,0,"M",4,"Sr FLC","ERS"
602,19,2,0,0,"J",4,"Sr FLC","ERS"
603,15,1,0,0,"L",3,"Sr FLC","ERS"
604,22,0,0,0,"A",4,"Jr FLC","ERS"
605,23,1,0,0,"F",2,"Jr FLC","ERS"
606,14,1,0,0,"I",3,"Sr FLC","ERS"
607,16,2,0,0,"I",3,"Sr FLC","ERS"
608,21,0,0,0,"G",4,"Jr FLC","ERS"
609,21,0,0,0,"B",3,"Jr FLC","ERS"
610,16,4,0,0,"H",1,"Sr FLC","ERS"
611,24,0,1,0,"D",4,"Jr FLC","ERS"
612,18,2,0,0,"J",1,"Sr FLC","ERS"
613,19,2,0,0,"L",4,"Sr FLC","ERS"
614,23,2,2,0,"B",3,"Jr FLC","ERS"
615,22,0,0,0,"N",4,"Sr FLC","ERS"
616,17,7,0,0,"E",4,"Sr FLC","ERS"
617,16,7,0,0,"E",4,"Sr FLC","ERS"
618,17,2,0,0,"I",4,"Sr FLC","ERS"
619,21,2,1,0,"B",3,"Jr FLC","ERS"
620,17,3,1,0,"H",4,"Sr FLC","ERS"
621,20,0,3,0,"C",1,"Sr FLC","ERS"
622,23,1,0,0,"A",1,"Jr FLC","ERS"
623,17,4,0,0,"M",2,"Sr FLC","ERS"
624,23,1,1,0,"B",3,"Jr FLC","ERS"
625,20,2,0,0,"J",2,"Sr FLC","ERS"
626,18,0,1,0,"I",4,"Sr FLC","ERS"
627,21,0,0,0,"G",4,"Jr FLC","ERS"
628,20,0,0,0,"B",3,"Jr FLC","ERS"
629,21,0,1,0,"C",3,"Sr FLC","ERS"
630,18,0,0,0,"K",2,"Sr FLC","ERS"
631,16,5,0,0,"M",2,"Sr FLC","ERS"
632,17,2,0,0,"E",1,"Sr FLC","ERS"
633,23,0,1,0,"D",4,"Jr FLC","ERS"
634,16,5,0,0,"E",4,"Sr FLC","ERS"
635,19,0,0,0,"F",2,"Jr FLC","ERS"
636,19,0,0,0,"A",4,"Jr FLC","ERS"
637,14,5,0,0,"E",3,"Sr FLC","ERS"
638,21,1,0,0,"B",3,"Jr FLC","ERS"
639,23,1,1,0,"A",2,"Jr FLC","ERS"
640,19,0,0,0,"C",2,"Sr FLC","ERS"
641,17,5,0,0,"L",3,"Sr FLC","ERS"
642,18,2,0,0,"J",2,"Sr FLC","ERS"
643,19,0,0,0,"N",2,"Sr FLC","ERS"
644,21,2,0,0,"J",1,"Sr FLC","ERS"
1,16,3,0,0,"D",1,"Sr Suprv","ERS"
2,21,0,0,0,"A",3,"Sr Suprv","ERS"
3,16,3,0,0,"B",1,"Sr Suprv","ERS"
4,17,1,0,0,"G",3,"Sr Suprv","ERS"
5,18,2,1,0,"A",1,"Sr Suprv","ERS"
6,19,0,0,0,"A",3,"Sr Suprv","ERS"
7,18,3,0,0,"D",2,"Sr Suprv","ERS"
8,19,1,0,0,"G",3,"Sr Suprv","ERS"
9,15,0,0,0,"A",1,"Sr Suprv","ERS"
10,17,4,0,0,"F",1,"Sr Suprv","ERS"
11,17,4,0,0,"G",2,"Sr Suprv","ERS"
12,20,1,1,0,"F",4,"Sr Suprv","ERS"
13,17,3,0,0,"B",3,"Sr Suprv","ERS"
14,14,0,0,0,"A",2,"Sr Suprv","ERS"
15,18,1,0,0,"A",1,"Sr Suprv","ERS"
16,17,2,0,0,"G",4,"Sr Suprv","ERS"
17,18,2,0,0,"G",2,"Sr Suprv","ERS"
18,21,0,0,0,"A",3,"Sr Suprv","ERS"
19,18,0,0,0,"G",3,"Sr Suprv","ERS"
20,15,0,0,0,"F",2,"Sr Suprv","ERS"
21,17,2,0,0,"D",4,"Sr Suprv","ERS"
22,18,0,1,0,"G",4,"Sr Suprv","ERS"
23,15,1,0,0,"B",2,"Sr Suprv","ERS"
24,18,2,1,0,"B",4,"Sr Suprv","ERS"
25,21,0,0,0,"A",3,"Sr Suprv","ERS"
26,16,2,0,0,"G",4,"Sr Suprv","ERS"
27,19,0,0,0,"F",4,"Sr Suprv","ERS"
28,15,1,0,0,"F",3,"Sr Suprv","ERS"
29,16,1,0,0,"B",2,"Sr Suprv","ERS"
30,18,0,0,0,"A",3,"Sr Suprv","ERS"
31,18,0,0,0,"B",1,"Sr Suprv","ERS"
32,17,4,0,0,"D",2,"Sr Suprv","ERS"
33,17,1,0,0,"D",4,"Sr Suprv","ERS"
34,18,3,0,0,"B",4,"Sr Suprv","ERS"
35,19,0,2,0,"A",4,"Sr Suprv","ERS"
36,15,2,0,0,"B",3,"Sr Suprv","ERS"
37,14,2,0,0,"G",1,"Sr Suprv","ERS"
38,17,4,0,0,"B",4,"Sr Suprv","ERS"
39,19,2,0,0,"B",4,"Sr Suprv","ERS"
40,14,3,0,0,"F",2,"Sr Suprv","ERS"
41,17,2,0,0,"D",1,"Sr Suprv","ERS"
42,17,0,0,0,"D",1,"Sr Suprv","ERS"
43,17,3,0,0,"D",3,"Sr Suprv","ERS"
44,14,4,1,0,"D",2,"Sr Suprv","ERS"
45,19,1,0,0,"B",2,"Sr Suprv","ERS"
46,16,1,0,0,"G",1,"Sr Suprv","ERS"
47,20,0,0,0,"A",3,"Sr Suprv","ERS"
48,17,1,0,0,"F",4,"Sr Suprv","ERS"
49,17,1,0,0,"G",4,"Sr Suprv","ERS"
50,19,4,0,0,"D",2,"Sr Suprv","ERS"
51,17,0,0,0,"F",3,"Sr Suprv","ERS"
52,16,3,0,0,"B",4,"Sr Suprv","ERS"
53,17,5,0,0,"B",4,"Sr Suprv","ERS"
54,17,2,0,0,"F",4,"Sr Suprv","ERS"
55,19,0,0,0,"A",3,"Sr Suprv","ERS"
56,17,1,0,0,"B",1,"Sr Suprv","ERS"
57,18,2,1,0,"D",4,"Sr Suprv","ERS"
58,18,4,0,0,"A",1,"Sr Suprv","ERS"
59,17,0,1,0,"D",4,"Sr Suprv","ERS"
60,19,0,0,0,"D",2,"Sr Suprv","ERS"
61,17,1,1,0,"F",3,"Sr Suprv","ERS"
62,17,0,0,0,"F",4,"Sr Suprv","ERS"
63,19,1,1,0,"F",1,"Sr Suprv","ERS"
64,17,1,0,0,"A",2,"Sr Suprv","ERS"
65,16,0,0,0,"F",3,"Sr Suprv","ERS"
66,17,3,0,0,"F",2,"Sr Suprv","ERS"
67,19,0,1,0,"A",3,"Sr Suprv","ERS"
68,17,0,1,0,"F",2,"Sr Suprv","ERS"
69,23,0,0,0,"A",3,"Sr Suprv","ERS"
70,18,1,0,0,"G",4,"Sr Suprv","ERS"
71,19,1,0,0,"D",4,"Sr Suprv","ERS"
72,22,0,0,0,"A",3,"Sr Suprv","ERS"
73,18,0,1,0,"A",4,"Sr Suprv","ERS"
74,17,0,0,0,"G",3,"Sr Suprv","ERS"
75,17,3,0,0,"B",3,"Sr Suprv","ERS"
76,16,1,0,0,"G",3,"Sr Suprv","ERS"
77,17,0,0,0,"A",2,"Sr Suprv","ERS"
78,15,0,0,0,"F",3,"Sr Suprv","ERS"
79,17,4,0,0,"G",1,"Sr Suprv","ERS"
80,19,0,0,0,"A",3,"Sr Suprv","ERS"
81,17,0,0,0,"F",4,"Sr Suprv","ERS"
82,16,1,0,0,"G",3,"Sr Suprv","ERS"
83,16,1,0,0,"B",2,"Sr Suprv","ERS"
84,14,2,0,0,"G",2,"Sr Suprv","ERS"
85,16,1,0,0,"D",1,"Sr Suprv","ERS"
86,18,1,1,0,"F",1,"Sr Suprv","ERS"
87,16,2,0,0,"D",3,"Sr Suprv","ERS"
88,17,2,0,0,"F",3,"Sr Suprv","ERS"
89,19,0,2,0,"B",3,"Sr Suprv","ERS"
90,17,2,0,0,"B",3,"Sr Suprv","ERS"
91,17,1,0,0,"G",3,"Sr Suprv","ERS"
92,18,3,0,0,"B",3,"Sr Suprv","ERS"
93,15,2,0,0,"F",1,"Sr Suprv","ERS"
94,17,0,0,0,"G",3,"Sr Suprv","ERS"
95,16,0,0,0,"A",3,"Sr Suprv","ERS"
96,18,1,0,0,"D",3,"Sr Suprv","ERS"
97,16,0,0,0,"A",2,"Sr Suprv","ERS"
98,17,1,0,0,"A",4,"Sr Suprv","ERS"
99,15,2,0,0,"B",3,"Sr Suprv","ERS"
100,17,1,0,0,"D",3,"Sr Suprv","ERS"
101,20,2,2,0,"A",4,"Sr Suprv","ERS"
102,16,0,0,0,"D",3,"Sr Suprv","ERS"
103,16,2,0,0,"D",4,"Sr Suprv","ERS"
104,16,1,0,0,"D",3,"Sr Suprv","ERS"
105,16,1,0,0,"D",3,"Sr Suprv","ERS"
106,15,1,0,0,"B",1,"Sr Suprv","ERS"
107,16,1,0,0,"B",1,"Sr Suprv","ERS"
108,17,0,0,0,"A",2,"Sr Suprv","ERS"
109,17,2,0,0,"B",2,"Sr Suprv","ERS"
110,17,0,0,0,"G",4,"Sr Suprv","ERS"
111,15,1,0,0,"F",1,"Sr Suprv","ERS"
112,16,0,0,0,"B",3,"Sr Suprv","ERS"
113,18,2,0,0,"F",1,"Sr Suprv","ERS"
114,16,4,0,0,"A",1,"Sr Suprv","ERS"
115,16,0,0,0,"D",3,"Sr Suprv","ERS"
116,20,1,0,0,"G",2,"Sr Suprv","ERS"
117,17,0,0,0,"D",1,"Sr Suprv","ERS"
118,19,2,0,0,"A",2,"Sr Suprv","ERS"
119,16,0,1,0,"G",1,"Sr Suprv","ERS"
120,17,1,0,0,"F",3,"Sr Suprv","ERS"
121,14,0,0,0,"B",1,"Sr Suprv","ERS"
122,16,1,0,0,"G",2,"Sr Suprv","ERS"
123,19,0,2,0,"A",4,"Sr Suprv","ERS"
124,17,0,0,0,"A",4,"Sr Suprv","ERS"
125,19,3,0,0,"F",2,"Sr Suprv","ERS"
126,17,0,0,0,"F",3,"Sr Suprv","ERS"
127,14,0,0,0,"G",2,"Sr Suprv","ERS"
1,16,0,0,0,"E",1,"Sr FLC","SRS"
2,20,0,0,0,"A",3,"Jr FLC","SRS"
3,17,2,0,0,"M",4,"Sr FLC","SRS"
4,20,1,0,0,"D",1,"Jr FLC","SRS"
5,23,0,0,0,"F",4,"Jr FLC","SRS"
6,0,0,0,0,"B",3,"Jr FLC","SRS"
7,23,1,0,0,"F",1,"Jr FLC","SRS"
8,0,0,0,0,"C",4,"Sr FLC","SRS"
9,19,0,0,0,"G",2,"Jr FLC","SRS"
10,20,0,1,0,"C",3,"Sr FLC","SRS"
11,17,0,0,0,"G",1,"Jr FLC","SRS"
12,19,0,0,0,"A",2,"Jr FLC","SRS"
13,0,0,0,0,"H",2,"Sr FLC","SRS"
14,17,0,0,0,"E",2,"Sr FLC","SRS"
15,20,1,0,0,"C",2,"Sr FLC","SRS"
16,22,0,0,0,"A",3,"Jr FLC","SRS"
17,18,0,0,0,"N",3,"Sr FLC","SRS"
18,19,0,0,0,"A",3,"Jr FLC","SRS"
19,22,1,1,0,"A",3,"Jr FLC","SRS"
20,15,1,0,0,"H",3,"Sr FLC","SRS"
21,19,0,0,0,"J",2,"Sr FLC","SRS"
22,0,0,0,0,"J",1,"Sr FLC","SRS"
23,16,0,0,0,"A",2,"Jr FLC","SRS"
24,0,0,0,0,"G",3,"Jr FLC","SRS"
25,21,0,0,0,"C",4,"Sr FLC","SRS"
26,23,0,0,0,"A",4,"Jr FLC","SRS"
27,18,0,0,0,"I",4,"Sr FLC","SRS"
28,0,0,0,0,"J",4,"Sr FLC","SRS"
29,23,1,0,0,"A",2,"Jr FLC","SRS"
30,22,0,0,0,"B",3,"Jr FLC","SRS"
31,0,0,0,0,"H",2,"Sr FLC","SRS"
32,15,2,0,0,"I",4,"Sr FLC","SRS"
33,22,0,0,0,"D",3,"Jr FLC","SRS"
34,16,0,0,0,"H",1,"Sr FLC","SRS"
35,22,0,0,0,"D",1,"Jr FLC","SRS"
36,17,0,0,0,"I",1,"Sr FLC","SRS"
37,19,0,0,0,"A",1,"Jr FLC","SRS"
38,17,0,0,0,"A",1,"Jr FLC","SRS"
39,22,0,0,0,"G",4,"Jr FLC","SRS"
40,16,0,0,0,"M",2,"Sr FLC","SRS"
41,23,0,0,0,"F",2,"Jr FLC","SRS"
42,0,0,0,0,"L",1,"Sr FLC","SRS"
43,22,0,0,0,"D",2,"Jr FLC","SRS"
44,20,0,0,0,"A",3,"Jr FLC","SRS"
45,16,0,0,0,"D",1,"Jr FLC","SRS"
46,21,2,2,1,"G",3,"Jr FLC","SRS"
47,0,0,0,0,"M",2,"Sr FLC","SRS"
48,21,0,0,0,"C",1,"Sr FLC","SRS"
49,21,0,0,0,"J",4,"Sr FLC","SRS"
50,17,0,0,0,"G",1,"Jr FLC","SRS"
51,17,1,0,0,"E",2,"Sr FLC","SRS"
52,14,0,0,0,"K",1,"Sr FLC","SRS"
53,0,0,0,0,"A",3,"Jr FLC","SRS"
54,16,5,0,0,"H",2,"Sr FLC","SRS"
55,19,0,0,0,"F",3,"Jr FLC","SRS"
56,19,0,0,0,"B",2,"Jr FLC","SRS"
57,20,1,1,0,"G",2,"Jr FLC","SRS"
58,0,0,0,0,"J",3,"Sr FLC","SRS"
59,13,1,1,0,"H",2,"Sr FLC","SRS"
60,0,0,0,0,"A",2,"Jr FLC","SRS"
61,17,0,0,0,"J",2,"Sr FLC","SRS"
62,22,0,0,0,"D",1,"Jr FLC","SRS"
63,19,0,0,0,"G",1,"Jr FLC","SRS"
64,16,0,0,0,"H",3,"Sr FLC","SRS"
65,19,0,0,0,"C",1,"Sr FLC","SRS"
66,18,0,1,0,"A",1,"Jr FLC","SRS"
67,0,0,0,0,"L",3,"Sr FLC","SRS"
68,23,0,0,0,"G",4,"Jr FLC","SRS"
69,17,1,0,0,"E",1,"Sr FLC","SRS"
70,23,2,1,0,"F",1,"Jr FLC","SRS"
71,20,1,0,0,"D",2,"Jr FLC","SRS"
72,16,1,0,0,"M",4,"Sr FLC","SRS"
73,19,0,0,0,"J",2,"Sr FLC","SRS"
74,16,0,0,0,"L",1,"Sr FLC","SRS"
75,15,5,0,0,"L",4,"Sr FLC","SRS"
76,16,2,0,0,"H",1,"Sr FLC","SRS"
77,0,0,0,0,"J",4,"Sr FLC","SRS"
78,20,0,0,0,"A",2,"Jr FLC","SRS"
79,23,0,0,0,"G",3,"Jr FLC","SRS"
80,24,0,0,0,"A",2,"Jr FLC","SRS"
81,23,0,0,0,"B",4,"Jr FLC","SRS"
82,0,0,0,0,"J",3,"Sr FLC","SRS"
83,22,0,0,0,"F",2,"Jr FLC","SRS"
84,17,2,0,0,"E",3,"Sr FLC","SRS"
85,19,1,0,0,"C",2,"Sr FLC","SRS"
86,0,0,0,0,"N",2,"Sr FLC","SRS"
87,0,0,0,0,"L",4,"Sr FLC","SRS"
88,22,1,0,0,"F",1,"Jr FLC","SRS"
89,19,0,0,0,"B",4,"Jr FLC","SRS"
90,19,0,0,0,"C",1,"Sr FLC","SRS"
91,22,0,0,0,"B",4,"Jr FLC","SRS"
92,22,0,0,0,"F",3,"Jr FLC","SRS"
93,16,0,0,0,"H",4,"Sr FLC","SRS"
94,24,0,0,0,"G",4,"Jr FLC","SRS"
95,20,0,0,0,"D",3,"Jr FLC","SRS"
96,18,0,0,0,"F",4,"Jr FLC","SRS"
97,0,0,0,0,"C",4,"Sr FLC","SRS"
98,16,1,0,0,"G",1,"Jr FLC","SRS"
99,23,0,0,0,"F",2,"Jr FLC","SRS"
100,15,0,0,0,"D",1,"Jr FLC","SRS"
101,20,0,0,0,"N",3,"Sr FLC","SRS"
102,19,0,0,0,"D",3,"Jr FLC","SRS"
103,22,0,0,0,"A",1,"Jr FLC","SRS"
104,12,0,0,0,"D",4,"Jr FLC","SRS"
105,12,2,0,0,"H",3,"Sr FLC","SRS"
106,23,0,0,0,"G",3,"Jr FLC","SRS"
107,17,3,0,0,"J",1,"Sr FLC","SRS"
108,23,0,0,0,"F",1,"Jr FLC","SRS"
109,15,1,2,1,"E",3,"Sr FLC","SRS"
110,24,0,1,0,"G",1,"Jr FLC","SRS"
111,21,0,0,0,"F",3,"Jr FLC","SRS"
112,15,1,2,0,"B",1,"Jr FLC","SRS"
113,17,6,0,0,"L",4,"Sr FLC","SRS"
114,22,0,0,0,"B",2,"Jr FLC","SRS"
115,0,0,0,0,"F",2,"Jr FLC","SRS"
116,18,1,0,0,"E",4,"Sr FLC","SRS"
117,25,2,5,0,"G",3,"Jr FLC","SRS"
118,14,4,0,0,"M",2,"Sr FLC","SRS"
119,22,0,0,0,"F",4,"Jr FLC","SRS"
120,15,1,0,0,"L",3,"Sr FLC","SRS"
121,22,1,0,0,"A",2,"Jr FLC","SRS"
122,19,1,1,0,"B",2,"Jr FLC","SRS"
123,19,0,0,0,"A",2,"Jr FLC","SRS"
124,0,0,0,0,"J",1,"Sr FLC","SRS"
125,0,0,0,0,"F",1,"Jr FLC","SRS"
126,0,0,0,0,"C",4,"Sr FLC","SRS"
127,15,7,0,0,"K",3,"Sr FLC","SRS"
128,0,0,0,0,"J",3,"Sr FLC","SRS"
129,16,6,0,0,"E",1,"Sr FLC","SRS"
130,16,1,0,0,"I",4,"Sr FLC","SRS"
131,24,0,0,0,"D",2,"Jr FLC","SRS"
132,0,0,0,0,"E",3,"Sr FLC","SRS"
133,21,0,0,0,"F",4,"Jr FLC","SRS"
134,24,0,2,0,"B",4,"Jr FLC","SRS"
135,23,0,0,0,"C",4,"Sr FLC","SRS"
136,22,0,0,0,"D",1,"Jr FLC","SRS"
137,0,0,0,0,"J",1,"Sr FLC","SRS"
138,21,1,1,0,"F",1,"Jr FLC","SRS"
139,19,1,0,0,"J",4,"Sr FLC","SRS"
140,23,0,0,0,"D",4,"Jr FLC","SRS"
141,20,0,0,0,"N",3,"Sr FLC","SRS"
142,0,0,0,0,"M",4,"Sr FLC","SRS"
143,0,0,0,0,"E",1,"Sr FLC","SRS"
144,13,0,1,0,"M",1,"Sr FLC","SRS"
145,17,0,0,0,"K",4,"Sr FLC","SRS"
146,20,1,0,0,"D",2,"Jr FLC","SRS"
147,23,1,0,0,"F",2,"Jr FLC","SRS"
148,16,6,0,0,"L",2,"Sr FLC","SRS"
149,23,1,0,0,"A",1,"Jr FLC","SRS"
150,20,1,0,0,"B",3,"Jr FLC","SRS"
151,18,0,0,0,"B",1,"Jr FLC","SRS"
152,15,0,0,0,"A",1,"Jr FLC","SRS"
153,22,0,0,0,"G",2,"Jr FLC","SRS"
154,16,0,0,0,"H",4,"Sr FLC","SRS"
155,12,0,0,0,"M",4,"Sr FLC","SRS"
156,16,0,0,0,"I",3,"Sr FLC","SRS"
157,14,0,0,0,"E",1,"Sr FLC","SRS"
158,18,0,0,0,"C",3,"Sr FLC","SRS"
159,20,1,0,0,"N",2,"Sr FLC","SRS"
160,18,5,0,0,"E",2,"Sr FLC","SRS"
161,0,0,0,0,"J",3,"Sr FLC","SRS"
162,16,0,0,0,"M",1,"Sr FLC","SRS"
163,0,0,0,0,"J",4,"Sr FLC","SRS"
164,23,0,0,0,"D",4,"Jr FLC","SRS"
165,18,0,0,0,"N",3,"Sr FLC","SRS"
166,3,1,0,0,"L",4,"Sr FLC","SRS"
167,0,0,0,0,"L",4,"Sr FLC","SRS"
168,0,0,0,0,"N",3,"Sr FLC","SRS"
169,17,5,0,0,"H",4,"Sr FLC","SRS"
170,22,0,0,0,"G",4,"Jr FLC","SRS"
171,23,0,0,0,"F",4,"Jr FLC","SRS"
172,22,0,0,0,"B",1,"Jr FLC","SRS"
173,23,0,0,0,"F",4,"Jr FLC","SRS"
174,15,0,0,0,"F",1,"Jr FLC","SRS"
175,23,1,1,0,"G",4,"Jr FLC","SRS"
176,0,0,0,0,"J",2,"Sr FLC","SRS"
177,16,4,0,0,"M",3,"Sr FLC","SRS"
178,19,0,0,0,"F",1,"Jr FLC","SRS"
179,23,0,0,0,"F",3,"Jr FLC","SRS"
180,22,0,0,0,"B",3,"Jr FLC","SRS"
181,18,0,0,0,"C",3,"Sr FLC","SRS"
182,16,0,0,0,"C",3,"Sr FLC","SRS"
183,24,0,0,0,"F",2,"Jr FLC","SRS"
184,18,0,0,0,"A",1,"Jr FLC","SRS"
185,12,3,1,1,"I",4,"Sr FLC","SRS"
186,0,0,0,0,"C",3,"Sr FLC","SRS"
187,21,0,0,0,"D",4,"Jr FLC","SRS"
188,19,0,0,0,"B",4,"Jr FLC","SRS"
189,19,1,0,0,"J",1,"Sr FLC","SRS"
190,22,0,0,0,"D",2,"Jr FLC","SRS"
191,17,0,1,0,"L",4,"Sr FLC","SRS"
192,17,3,0,0,"M",1,"Sr FLC","SRS"
193,23,0,0,0,"G",2,"Jr FLC","SRS"
194,19,0,0,0,"J",4,"Sr FLC","SRS"
195,16,0,2,0,"G",3,"Jr FLC","SRS"
196,21,0,0,0,"A",1,"Jr FLC","SRS"
197,21,0,0,0,"C",4,"Sr FLC","SRS"
198,0,0,0,0,"I",4,"Sr FLC","SRS"
199,22,0,0,0,"F",1,"Jr FLC","SRS"
200,0,0,0,0,"C",1,"Sr FLC","SRS"
201,22,0,0,0,"D",4,"Jr FLC","SRS"
202,16,0,0,0,"M",1,"Sr FLC","SRS"
203,0,0,0,0,"D",4,"Jr FLC","SRS"
204,16,1,1,1,"I",3,"Sr FLC","SRS"
205,27,0,3,0,"B",4,"Jr FLC","SRS"
206,15,0,0,0,"E",3,"Sr FLC","SRS"
207,0,0,0,0,"E",4,"Sr FLC","SRS"
208,0,0,0,0,"C",4,"Sr FLC","SRS"
209,19,1,0,0,"C",4,"Sr FLC","SRS"
210,22,1,0,0,"C",1,"Sr FLC","SRS"
211,22,0,0,0,"G",3,"Jr FLC","SRS"
212,22,0,0,0,"G",4,"Jr FLC","SRS"
213,19,1,0,0,"J",3,"Sr FLC","SRS"
214,23,0,0,0,"D",1,"Jr FLC","SRS"
215,0,0,0,0,"J",1,"Sr FLC","SRS"
216,22,0,0,0,"D",1,"Jr FLC","SRS"
217,21,0,0,0,"G",3,"Jr FLC","SRS"
218,19,2,1,0,"E",4,"Sr FLC","SRS"
219,23,0,0,0,"A",4,"Jr FLC","SRS"
220,1,0,0,0,"K",2,"Sr FLC","SRS"
221,21,1,2,1,"G",2,"Jr FLC","SRS"
222,16,5,0,0,"E",4,"Sr FLC","SRS"
223,20,0,0,0,"B",3,"Jr FLC","SRS"
224,22,0,0,0,"D",3,"Jr FLC","SRS"
225,23,0,0,0,"D",2,"Jr FLC","SRS"
226,20,0,0,0,"F",3,"Jr FLC","SRS"
227,15,0,0,0,"L",1,"Sr FLC","SRS"
228,17,0,2,0,"A",1,"Jr FLC","SRS"
229,16,2,0,0,"K",4,"Sr FLC","SRS"
230,23,0,0,0,"D",2,"Jr FLC","SRS"
231,23,0,0,0,"A",1,"Jr FLC","SRS"
232,22,0,0,0,"D",1,"Jr FLC","SRS"
233,26,1,4,1,"A",1,"Jr FLC","SRS"
234,17,0,0,0,"M",3,"Sr FLC","SRS"
235,15,3,0,0,"M",3,"Sr FLC","SRS"
236,16,0,0,0,"F",3,"Jr FLC","SRS"
237,17,0,0,0,"M",4,"Sr FLC","SRS"
238,0,0,0,0,"H",3,"Sr FLC","SRS"
239,19,0,0,0,"F",1,"Jr FLC","SRS"
240,20,0,0,0,"J",2,"Sr FLC","SRS"
241,20,1,0,0,"G",2,"Jr FLC","SRS"
242,21,0,0,0,"A",3,"Jr FLC","SRS"
243,22,1,1,0,"A",3,"Jr FLC","SRS"
244,15,2,0,0,"E",4,"Sr FLC","SRS"
245,19,0,0,0,"G",3,"Jr FLC","SRS"
246,21,1,1,0,"B",3,"Jr FLC","SRS"
247,21,1,0,0,"B",4,"Jr FLC","SRS"
248,19,0,0,0,"D",3,"Jr FLC","SRS"
249,18,0,0,0,"C",4,"Sr FLC","SRS"
250,0,0,0,0,"E",4,"Sr FLC","SRS"
251,21,0,0,0,"F",4,"Jr FLC","SRS"
252,22,0,0,0,"A",4,"Jr FLC","SRS"
253,17,0,0,0,"I",1,"Sr FLC","SRS"
254,20,0,1,0,"G",1,"Jr FLC","SRS"
255,0,0,0,0,"M",4,"Sr FLC","SRS"
256,0,0,0,0,"H",1,"Sr FLC","SRS"
257,0,0,0,0,"C",2,"Sr FLC","SRS"
258,16,6,0,0,"M",3,"Sr FLC","SRS"
259,23,0,0,0,"A",2,"Jr FLC","SRS"
260,0,0,0,0,"N",3,"Sr FLC","SRS"
261,23,0,0,0,"A",2,"Jr FLC","SRS"
262,9,0,0,0,"M",3,"Sr FLC","SRS"
263,24,1,0,0,"B",4,"Jr FLC","SRS"
264,10,0,0,0,"A",3,"Jr FLC","SRS"
265,17,0,0,0,"B",3,"Jr FLC","SRS"
266,18,1,0,0,"J",4,"Sr FLC","SRS"
267,21,0,0,0,"B",3,"Jr FLC","SRS"
268,9,0,0,0,"G",3,"Jr FLC","SRS"
269,17,1,0,0,"L",2,"Sr FLC","SRS"
270,23,0,0,0,"D",2,"Jr FLC","SRS"
271,0,0,0,0,"E",4,"Sr FLC","SRS"
272,22,0,0,0,"B",2,"Jr FLC","SRS"
273,22,1,0,0,"B",1,"Jr FLC","SRS"
274,0,0,0,0,"I",2,"Sr FLC","SRS"
275,16,0,0,0,"E",4,"Sr FLC","SRS"
276,0,0,0,0,"M",1,"Sr FLC","SRS"
277,23,0,0,0,"G",4,"Jr FLC","SRS"
278,20,0,0,0,"D",2,"Jr FLC","SRS"
279,22,0,0,0,"D",3,"Jr FLC","SRS"
280,0,0,0,0,"D",1,"Jr FLC","SRS"
281,17,0,2,0,"F",1,"Jr FLC","SRS"
282,19,0,1,0,"D",1,"Jr FLC","SRS"
283,17,0,0,0,"F",1,"Jr FLC","SRS"
284,0,0,0,0,"B",2,"Jr FLC","SRS"
285,26,1,2,0,"D",4,"Jr FLC","SRS"
286,19,0,0,0,"J",4,"Sr FLC","SRS"
287,21,0,0,0,"D",2,"Jr FLC","SRS"
288,15,0,0,0,"L",2,"Sr FLC","SRS"
289,15,0,0,0,"L",1,"Sr FLC","SRS"
290,5,0,0,0,"F",3,"Jr FLC","SRS"
291,18,0,0,0,"J",4,"Sr FLC","SRS"
292,20,6,1,0,"E",4,"Sr FLC","SRS"
293,10,0,0,0,"C",2,"Sr FLC","SRS"
294,0,0,0,0,"M",3,"Sr FLC","SRS"
295,0,0,0,0,"J",1,"Sr FLC","SRS"
296,0,0,0,0,"N",2,"Sr FLC","SRS"
297,16,4,0,0,"K",1,"Sr FLC","SRS"
298,19,0,0,0,"D",3,"Jr FLC","SRS"
299,16,2,0,0,"I",3,"Sr FLC","SRS"
300,0,0,0,0,"D",3,"Jr FLC","SRS"
301,15,6,0,0,"I",2,"Sr FLC","SRS"
302,0,0,0,0,"M",2,"Sr FLC","SRS"
303,10,1,0,0,"J",2,"Sr FLC","SRS"
304,0,0,0,0,"E",1,"Sr FLC","SRS"
305,13,0,0,0,"D",4,"Jr FLC","SRS"
306,0,0,0,0,"E",1,"Sr FLC","SRS"
307,18,0,0,0,"G",3,"Jr FLC","SRS"
308,22,0,0,0,"B",1,"Jr FLC","SRS"
309,0,0,0,0,"E",3,"Sr FLC","SRS"
310,20,1,2,1,"C",3,"Sr FLC","SRS"
311,23,0,0,0,"G",3,"Jr FLC","SRS"
312,23,0,0,0,"G",4,"Jr FLC","SRS"
313,22,0,0,0,"A",4,"Jr FLC","SRS"
314,16,2,0,0,"E",2,"Sr FLC","SRS"
315,0,0,0,0,"J",4,"Sr FLC","SRS"
316,17,0,0,0,"B",3,"Jr FLC","SRS"
317,15,2,2,0,"F",1,"Jr FLC","SRS"
318,14,0,0,0,"A",1,"Jr FLC","SRS"
319,0,0,0,0,"E",4,"Sr FLC","SRS"
320,0,0,0,0,"E",2,"Sr FLC","SRS"
321,17,0,0,0,"J",3,"Sr FLC","SRS"
322,0,0,0,0,"I",2,"Sr FLC","SRS"
323,24,0,3,0,"F",4,"Jr FLC","SRS"
324,0,0,0,0,"L",4,"Sr FLC","SRS"
325,22,1,2,1,"G",2,"Jr FLC","SRS"
326,22,0,1,0,"A",2,"Jr FLC","SRS"
327,0,0,0,0,"A",4,"Jr FLC","SRS"
328,22,0,0,0,"B",4,"Jr FLC","SRS"
329,17,0,0,0,"D",4,"Jr FLC","SRS"
330,16,1,0,0,"L",1,"Sr FLC","SRS"
331,17,0,0,0,"E",4,"Sr FLC","SRS"
332,21,0,0,0,"B",2,"Jr FLC","SRS"
333,20,0,0,0,"A",4,"Jr FLC","SRS"
334,5,0,0,0,"N",2,"Sr FLC","SRS"
335,14,1,0,1,"H",3,"Sr FLC","SRS"
336,0,0,0,0,"F",3,"Jr FLC","SRS"
337,16,6,0,1,"L",2,"Sr FLC","SRS"
338,19,0,0,0,"A",3,"Jr FLC","SRS"
339,19,0,0,0,"D",1,"Jr FLC","SRS"
340,0,0,0,0,"L",2,"Sr FLC","SRS"
341,21,0,0,0,"F",2,"Jr FLC","SRS"
342,16,3,0,0,"E",2,"Sr FLC","SRS"
343,24,0,0,0,"B",2,"Jr FLC","SRS"
344,22,0,0,0,"G",1,"Jr FLC","SRS"
345,16,0,0,0,"L",1,"Sr FLC","SRS"
346,16,0,0,0,"M",1,"Sr FLC","SRS"
347,24,0,3,0,"J",4,"Sr FLC","SRS"
348,17,0,0,0,"F",4,"Jr FLC","SRS"
349,18,1,0,0,"D",4,"Jr FLC","SRS"
350,18,0,0,0,"G",3,"Jr FLC","SRS"
351,22,0,0,0,"A",1,"Jr FLC","SRS"
352,23,1,0,0,"G",1,"Jr FLC","SRS"
353,12,1,0,0,"E",2,"Sr FLC","SRS"
354,16,4,0,0,"I",1,"Sr FLC","SRS"
355,21,0,0,0,"D",3,"Jr FLC","SRS"
356,16,0,0,0,"H",2,"Sr FLC","SRS"
357,16,3,2,1,"H",2,"Sr FLC","SRS"
358,16,0,0,0,"A",4,"Jr FLC","SRS"
359,0,0,0,0,"M",3,"Sr FLC","SRS"
360,22,0,0,0,"F",4,"Jr FLC","SRS"
361,0,0,0,0,"I",1,"Sr FLC","SRS"
362,23,0,0,0,"F",2,"Jr FLC","SRS"
363,19,0,0,0,"J",2,"Sr FLC","SRS"
364,14,2,0,0,"M",2,"Sr FLC","SRS"
365,20,1,0,0,"G",4,"Jr FLC","SRS"
366,24,1,0,0,"G",2,"Jr FLC","SRS"
367,17,0,0,0,"D",1,"Jr FLC","SRS"
368,22,1,0,0,"G",3,"Jr FLC","SRS"
369,0,0,0,0,"J",4,"Sr FLC","SRS"
370,19,1,2,0,"B",2,"Jr FLC","SRS"
371,0,0,0,0,"A",3,"Jr FLC","SRS"
372,19,0,0,0,"B",4,"Jr FLC","SRS"
373,19,0,0,0,"J",3,"Sr FLC","SRS"
374,0,0,0,0,"B",1,"Jr FLC","SRS"
375,0,0,0,0,"E",2,"Sr FLC","SRS"
376,21,0,0,0,"B",2,"Jr FLC","SRS"
377,16,7,0,0,"K",2,"Sr FLC","SRS"
378,17,0,0,0,"D",1,"Jr FLC","SRS"
379,21,1,1,1,"D",3,"Jr FLC","SRS"
380,12,2,0,0,"G",2,"Jr FLC","SRS"
381,22,0,0,0,"F",3,"Jr FLC","SRS"
382,0,0,0,0,"E",3,"Sr FLC","SRS"
383,19,0,0,0,"F",3,"Jr FLC","SRS"
384,0,0,0,0,"J",2,"Sr FLC","SRS"
385,0,0,0,0,"E",3,"Sr FLC","SRS"
386,14,0,0,0,"L",1,"Sr FLC","SRS"
387,20,0,0,0,"D",2,"Jr FLC","SRS"
388,21,0,0,0,"C",2,"Sr FLC","SRS"
389,23,0,0,0,"F",3,"Jr FLC","SRS"
390,23,0,0,0,"D",3,"Jr FLC","SRS"
391,22,0,0,0,"D",2,"Jr FLC","SRS"
392,22,0,0,0,"D",3,"Jr FLC","SRS"
393,20,0,1,0,"B",2,"Jr FLC","SRS"
394,24,0,0,0,"B",2,"Jr FLC","SRS"
395,19,0,0,0,"B",3,"Jr FLC","SRS"
396,0,0,0,0,"E",4,"Sr FLC","SRS"
397,21,0,0,0,"A",2,"Jr FLC","SRS"
398,21,0,0,0,"F",3,"Jr FLC","SRS"
399,17,0,0,0,"E",1,"Sr FLC","SRS"
400,14,0,0,0,"K",1,"Sr FLC","SRS"
401,16,2,2,0,"B",1,"Jr FLC","SRS"
402,15,2,1,0,"E",1,"Sr FLC","SRS"
403,24,0,2,0,"A",4,"Jr FLC","SRS"
404,7,0,0,0,"I",2,"Sr FLC","SRS"
405,23,0,0,0,"F",1,"Jr FLC","SRS"
406,0,0,0,0,"D",3,"Jr FLC","SRS"
407,16,1,0,0,"H",1,"Sr FLC","SRS"
408,23,2,3,1,"G",3,"Jr FLC","SRS"
409,0,0,0,0,"L",1,"Sr FLC","SRS"
410,23,1,0,0,"B",4,"Jr FLC","SRS"
411,23,0,0,0,"D",1,"Jr FLC","SRS"
412,0,0,0,0,"A",1,"Jr FLC","SRS"
413,22,0,0,0,"B",3,"Jr FLC","SRS"
414,0,0,0,0,"H",4,"Sr FLC","SRS"
415,19,0,0,0,"A",3,"Jr FLC","SRS"
416,0,0,0,0,"C",4,"Sr FLC","SRS"
417,0,0,0,0,"D",4,"Jr FLC","SRS"
418,20,1,0,0,"D",3,"Jr FLC","SRS"
419,18,0,1,0,"H",4,"Sr FLC","SRS"
420,21,0,0,0,"G",3,"Jr FLC","SRS"
421,20,0,0,0,"N",2,"Sr FLC","SRS"
422,24,0,0,0,"F",4,"Jr FLC","SRS"
423,0,0,0,0,"C",2,"Sr FLC","SRS"
424,17,0,0,0,"G",1,"Jr FLC","SRS"
425,23,0,0,0,"G",1,"Jr FLC","SRS"
426,21,0,2,0,"B",1,"Jr FLC","SRS"
427,0,0,0,0,"E",2,"Sr FLC","SRS"
428,23,0,3,0,"G",3,"Jr FLC","SRS"
429,23,0,0,0,"G",2,"Jr FLC","SRS"
430,15,0,0,0,"K",3,"Sr FLC","SRS"
431,18,0,0,0,"F",3,"Jr FLC","SRS"
432,0,0,0,0,"B",3,"Jr FLC","SRS"
433,0,0,0,0,"M",2,"Sr FLC","SRS"
434,0,0,0,0,"E",2,"Sr FLC","SRS"
435,21,0,0,0,"G",3,"Jr FLC","SRS"
436,16,3,0,0,"M",3,"Sr FLC","SRS"
437,22,1,0,0,"G",2,"Jr FLC","SRS"
438,20,0,0,0,"A",3,"Jr FLC","SRS"
439,0,0,0,0,"C",4,"Sr FLC","SRS"
440,22,0,0,0,"A",3,"Jr FLC","SRS"
441,22,0,0,0,"G",4,"Jr FLC","SRS"
442,0,0,0,0,"J",1,"Sr FLC","SRS"
443,16,4,0,0,"E",2,"Sr FLC","SRS"
444,17,6,0,0,"L",4,"Sr FLC","SRS"
445,22,0,0,0,"F",4,"Jr FLC","SRS"
446,23,0,1,0,"B",1,"Jr FLC","SRS"
447,0,0,0,0,"B",1,"Jr FLC","SRS"
448,11,0,0,0,"G",4,"Jr FLC","SRS"
449,18,0,0,0,"F",2,"Jr FLC","SRS"
450,20,0,0,0,"B",3,"Jr FLC","SRS"
451,21,0,0,0,"N",4,"Sr FLC","SRS"
452,13,5,0,0,"L",3,"Sr FLC","SRS"
453,23,0,1,0,"A",3,"Jr FLC","SRS"
454,16,0,0,0,"I",4,"Sr FLC","SRS"
455,17,1,1,0,"A",2,"Jr FLC","SRS"
456,14,0,0,0,"D",1,"Jr FLC","SRS"
457,23,1,0,0,"A",3,"Jr FLC","SRS"
458,19,0,0,0,"F",2,"Jr FLC","SRS"
459,16,0,0,0,"A",3,"Jr FLC","SRS"
460,23,0,0,0,"D",4,"Jr FLC","SRS"
461,20,0,0,0,"D",3,"Jr FLC","SRS"
462,18,0,0,0,"E",3,"Sr FLC","SRS"
463,16,0,0,0,"I",3,"Sr FLC","SRS"
464,13,0,0,0,"J",4,"Sr FLC","SRS"
465,17,1,0,0,"I",2,"Sr FLC","SRS"
466,17,6,0,0,"L",4,"Sr FLC","SRS"
467,20,0,0,0,"N",4,"Sr FLC","SRS"
468,22,1,0,0,"D",2,"Jr FLC","SRS"
469,0,0,0,0,"I",1,"Sr FLC","SRS"
470,19,1,0,0,"J",3,"Sr FLC","SRS"
471,17,0,0,0,"K",4,"Sr FLC","SRS"
472,18,0,0,0,"J",3,"Sr FLC","SRS"
473,22,0,0,0,"B",1,"Jr FLC","SRS"
474,25,0,0,0,"B",2,"Jr FLC","SRS"
475,0,0,0,0,"I",1,"Sr FLC","SRS"
476,14,1,0,0,"E",1,"Sr FLC","SRS"
477,18,6,0,1,"L",2,"Sr FLC","SRS"
478,0,0,0,0,"L",3,"Sr FLC","SRS"
479,5,0,0,0,"F",4,"Jr FLC","SRS"
480,0,0,0,0,"L",3,"Sr FLC","SRS"
481,16,0,0,0,"M",4,"Sr FLC","SRS"
482,22,0,0,0,"G",3,"Jr FLC","SRS"
483,0,0,0,0,"A",4,"Jr FLC","SRS"
484,22,0,3,0,"A",4,"Jr FLC","SRS"
485,19,2,0,0,"J",3,"Sr FLC","SRS"
486,21,0,0,0,"C",2,"Sr FLC","SRS"
487,20,0,0,0,"G",3,"Jr FLC","SRS"
488,19,0,0,0,"B",3,"Jr FLC","SRS"
489,0,0,0,0,"H",3,"Sr FLC","SRS"
490,16,7,0,0,"H",4,"Sr FLC","SRS"
491,19,0,0,0,"A",3,"Jr FLC","SRS"
492,22,0,0,0,"A",4,"Jr FLC","SRS"
493,0,0,0,0,"M",4,"Sr FLC","SRS"
494,0,0,0,0,"H",4,"Sr FLC","SRS"
495,0,0,0,0,"J",1,"Sr FLC","SRS"
496,0,0,0,0,"M",1,"Sr FLC","SRS"
497,23,0,0,0,"G",1,"Jr FLC","SRS"
498,15,3,0,0,"I",2,"Sr FLC","SRS"
499,23,0,0,0,"B",1,"Jr FLC","SRS"
500,17,0,0,0,"E",4,"Sr FLC","SRS"
501,0,0,0,0,"M",3,"Sr FLC","SRS"
502,16,3,0,0,"I",1,"Sr FLC","SRS"
503,22,0,0,0,"F",3,"Jr FLC","SRS"
504,0,0,0,0,"E",2,"Sr FLC","SRS"
505,21,0,0,0,"C",1,"Sr FLC","SRS"
506,23,0,0,0,"G",4,"Jr FLC","SRS"
507,0,0,0,0,"B",2,"Jr FLC","SRS"
508,19,4,0,0,"M",4,"Sr FLC","SRS"
509,18,0,0,0,"A",3,"Jr FLC","SRS"
510,22,0,0,0,"B",2,"Jr FLC","SRS"
511,20,1,0,0,"B",2,"Jr FLC","SRS"
512,20,0,0,0,"F",3,"Jr FLC","SRS"
513,18,0,0,0,"B",3,"Jr FLC","SRS"
514,14,6,0,0,"M",1,"Sr FLC","SRS"
515,0,0,0,0,"L",4,"Sr FLC","SRS"
516,23,0,0,0,"D",4,"Jr FLC","SRS"
517,17,0,0,0,"N",3,"Sr FLC","SRS"
518,16,1,0,0,"M",4,"Sr FLC","SRS"
519,16,1,0,0,"M",4,"Sr FLC","SRS"
520,24,0,0,0,"A",4,"Jr FLC","SRS"
521,0,0,0,0,"N",3,"Sr FLC","SRS"
522,22,0,0,0,"A",3,"Jr FLC","SRS"
523,0,0,0,0,"C",3,"Sr FLC","SRS"
524,15,0,0,0,"M",1,"Sr FLC","SRS"
525,23,1,0,0,"D",3,"Jr FLC","SRS"
526,0,0,0,0,"N",3,"Sr FLC","SRS"
527,20,0,0,0,"G",3,"Jr FLC","SRS"
528,18,0,0,0,"G",2,"Jr FLC","SRS"
529,2,0,0,0,"F",1,"Jr FLC","SRS"
530,15,0,0,0,"I",1,"Sr FLC","SRS"
531,22,1,1,1,"F",3,"Jr FLC","SRS"
532,0,0,0,0,"M",4,"Sr FLC","SRS"
533,0,0,0,0,"E",3,"Sr FLC","SRS"
534,23,0,0,0,"B",4,"Jr FLC","SRS"
535,15,0,0,0,"I",1,"Sr FLC","SRS"
536,24,0,2,0,"D",4,"Jr FLC","SRS"
537,17,0,0,0,"D",3,"Jr FLC","SRS"
538,10,0,1,0,"L",3,"Sr FLC","SRS"
539,0,0,0,0,"G",2,"Jr FLC","SRS"
540,0,0,0,0,"L",2,"Sr FLC","SRS"
541,23,2,3,0,"D",2,"Jr FLC","SRS"
542,0,0,0,0,"C",1,"Sr FLC","SRS"
543,17,0,0,0,"D",3,"Jr FLC","SRS"
544,19,0,0,0,"D",2,"Jr FLC","SRS"
545,18,0,0,0,"L",2,"Sr FLC","SRS"
546,0,0,0,0,"J",3,"Sr FLC","SRS"
547,22,1,0,0,"G",1,"Jr FLC","SRS"
548,0,0,0,0,"J",1,"Sr FLC","SRS"
549,17,0,0,0,"L",2,"Sr FLC","SRS"
550,22,1,0,0,"D",3,"Jr FLC","SRS"
551,22,0,0,0,"B",1,"Jr FLC","SRS"
552,16,2,0,0,"E",3,"Sr FLC","SRS"
553,20,0,0,0,"J",4,"Sr FLC","SRS"
554,3,0,0,0,"L",1,"Sr FLC","SRS"
555,0,0,0,0,"J",2,"Sr FLC","SRS"
556,20,2,0,0,"J",2,"Sr FLC","SRS"
557,23,0,0,0,"G",4,"Jr FLC","SRS"
558,20,1,0,0,"D",3,"Jr FLC","SRS"
559,21,0,0,0,"G",1,"Jr FLC","SRS"
560,22,2,0,0,"A",1,"Jr FLC","SRS"
561,22,0,0,0,"D",3,"Jr FLC","SRS"
562,0,0,0,0,"F",3,"Jr FLC","SRS"
563,20,2,0,0,"J",4,"Sr FLC","SRS"
564,22,1,0,0,"F",2,"Jr FLC","SRS"
565,15,0,0,0,"B",1,"Jr FLC","SRS"
566,0,0,0,0,"G",3,"Jr FLC","SRS"
567,0,0,0,0,"F",1,"Jr FLC","SRS"
568,20,0,0,0,"C",2,"Sr FLC","SRS"
569,22,0,0,0,"A",4,"Jr FLC","SRS"
570,20,0,0,0,"F",3,"Jr FLC","SRS"
571,10,0,0,0,"G",2,"Jr FLC","SRS"
572,22,1,3,0,"A",3,"Jr FLC","SRS"
573,23,0,0,0,"B",4,"Jr FLC","SRS"
574,19,0,0,0,"F",3,"Jr FLC","SRS"
575,22,0,0,0,"G",2,"Jr FLC","SRS"
576,22,0,0,0,"D",1,"Jr FLC","SRS"
577,15,0,0,0,"H",1,"Sr FLC","SRS"
578,19,0,0,0,"B",1,"Jr FLC","SRS"
579,16,1,0,0,"E",1,"Sr FLC","SRS"
580,20,0,0,0,"F",3,"Jr FLC","SRS"
581,18,3,2,1,"J",3,"Sr FLC","SRS"
582,15,0,0,0,"F",2,"Jr FLC","SRS"
583,22,0,0,0,"B",4,"Jr FLC","SRS"
584,22,1,0,0,"A",4,"Jr FLC","SRS"
585,22,0,0,0,"A",2,"Jr FLC","SRS"
586,14,0,0,0,"A",1,"Jr FLC","SRS"
587,22,0,0,0,"A",4,"Jr FLC","SRS"
588,0,0,0,0,"C",3,"Sr FLC","SRS"
589,22,0,0,0,"B",4,"Jr FLC","SRS"
590,16,0,0,0,"E",3,"Sr FLC","SRS"
591,16,0,0,0,"I",3,"Sr FLC","SRS"
592,23,0,0,0,"F",4,"Jr FLC","SRS"
593,0,0,0,0,"F",4,"Jr FLC","SRS"
594,13,0,0,0,"G",1,"Jr FLC","SRS"
595,0,0,0,0,"C",4,"Sr FLC","SRS"
596,14,0,0,0,"G",1,"Jr FLC","SRS"
597,15,0,0,0,"F",2,"Jr FLC","SRS"
598,0,0,0,0,"F",4,"Jr FLC","SRS"
599,21,0,0,0,"C",1,"Sr FLC","SRS"
600,13,0,0,0,"H",1,"Sr FLC","SRS"
601,0,0,0,0,"M",4,"Sr FLC","SRS"
602,18,3,0,0,"J",4,"Sr FLC","SRS"
603,15,6,0,0,"L",3,"Sr FLC","SRS"
604,24,0,1,0,"A",4,"Jr FLC","SRS"
605,22,1,0,0,"F",2,"Jr FLC","SRS"
606,14,0,0,0,"I",3,"Sr FLC","SRS"
607,15,0,0,0,"I",3,"Sr FLC","SRS"
608,20,0,0,0,"G",4,"Jr FLC","SRS"
609,22,1,1,0,"B",3,"Jr FLC","SRS"
610,0,0,0,0,"H",1,"Sr FLC","SRS"
611,22,0,0,0,"D",4,"Jr FLC","SRS"
612,18,2,0,0,"J",1,"Sr FLC","SRS"
613,0,0,0,0,"L",4,"Sr FLC","SRS"
614,23,0,0,0,"B",3,"Jr FLC","SRS"
615,0,0,0,0,"N",4,"Sr FLC","SRS"
616,18,5,1,0,"E",4,"Sr FLC","SRS"
617,3,0,0,0,"E",4,"Sr FLC","SRS"
618,0,0,0,0,"I",4,"Sr FLC","SRS"
619,20,1,1,0,"B",3,"Jr FLC","SRS"
620,0,0,0,0,"H",4,"Sr FLC","SRS"
621,19,1,1,0,"C",1,"Sr FLC","SRS"
622,22,0,0,0,"A",1,"Jr FLC","SRS"
623,16,2,0,0,"M",2,"Sr FLC","SRS"
624,26,1,4,0,"B",3,"Jr FLC","SRS"
625,18,0,0,0,"J",2,"Sr FLC","SRS"
626,0,0,0,0,"I",4,"Sr FLC","SRS"
627,22,0,0,0,"G",4,"Jr FLC","SRS"
628,23,0,0,0,"B",3,"Jr FLC","SRS"
629,20,0,0,0,"C",3,"Sr FLC","SRS"
630,17,0,0,1,"K",2,"Sr FLC","SRS"
631,16,3,0,0,"M",2,"Sr FLC","SRS"
632,0,0,0,0,"E",1,"Sr FLC","SRS"
633,23,0,0,0,"D",4,"Jr FLC","SRS"
634,15,1,0,0,"E",4,"Sr FLC","SRS"
635,19,0,0,0,"F",2,"Jr FLC","SRS"
636,21,0,2,0,"A",4,"Jr FLC","SRS"
637,14,0,2,0,"E",3,"Sr FLC","SRS"
638,20,1,0,0,"B",3,"Jr FLC","SRS"
639,22,0,0,0,"A",2,"Jr FLC","SRS"
640,18,0,0,0,"C",2,"Sr FLC","SRS"
641,17,0,0,0,"L",3,"Sr FLC","SRS"
642,20,3,0,0,"J",2,"Sr FLC","SRS"
643,19,0,0,0,"N",2,"Sr FLC","SRS"
644,24,0,5,0,"J",1,"Sr FLC","SRS"
1,14,0,0,0,"D",1,"Sr Suprv","SRS"
2,20,0,0,0,"A",3,"Sr Suprv","SRS"
3,0,0,0,0,"B",1,"Sr Suprv","SRS"
4,17,0,0,0,"G",3,"Sr Suprv","SRS"
5,18,3,1,0,"A",1,"Sr Suprv","SRS"
6,0,0,0,0,"A",3,"Sr Suprv","SRS"
7,16,3,0,0,"D",2,"Sr Suprv","SRS"
8,18,2,0,0,"G",3,"Sr Suprv","SRS"
9,16,1,0,0,"A",1,"Sr Suprv","SRS"
10,16,0,0,0,"F",1,"Sr Suprv","SRS"
11,0,0,0,0,"G",2,"Sr Suprv","SRS"
12,17,0,0,0,"F",4,"Sr Suprv","SRS"
13,0,0,0,0,"B",3,"Sr Suprv","SRS"
14,13,0,0,0,"A",2,"Sr Suprv","SRS"
15,17,2,0,0,"A",1,"Sr Suprv","SRS"
16,0,0,0,0,"G",4,"Sr Suprv","SRS"
17,18,2,0,0,"G",2,"Sr Suprv","SRS"
18,22,0,1,0,"A",3,"Sr Suprv","SRS"
19,0,0,0,0,"G",3,"Sr Suprv","SRS"
20,14,0,0,0,"F",2,"Sr Suprv","SRS"
21,0,0,0,0,"D",4,"Sr Suprv","SRS"
22,0,0,0,0,"G",4,"Sr Suprv","SRS"
23,0,0,0,0,"B",2,"Sr Suprv","SRS"
24,0,0,0,0,"B",4,"Sr Suprv","SRS"
25,20,0,0,0,"A",3,"Sr Suprv","SRS"
26,15,0,0,0,"G",4,"Sr Suprv","SRS"
27,0,0,0,0,"F",4,"Sr Suprv","SRS"
28,0,0,0,0,"F",3,"Sr Suprv","SRS"
29,13,0,0,0,"B",2,"Sr Suprv","SRS"
30,19,1,1,1,"A",3,"Sr Suprv","SRS"
31,16,0,0,0,"B",1,"Sr Suprv","SRS"
32,16,0,0,0,"D",2,"Sr Suprv","SRS"
33,16,3,0,0,"D",4,"Sr Suprv","SRS"
34,0,0,0,0,"B",4,"Sr Suprv","SRS"
35,17,2,1,0,"A",4,"Sr Suprv","SRS"
36,15,2,0,0,"B",3,"Sr Suprv","SRS"
37,0,0,0,0,"G",1,"Sr Suprv","SRS"
38,17,0,0,0,"B",4,"Sr Suprv","SRS"
39,0,0,0,0,"B",4,"Sr Suprv","SRS"
40,13,2,0,0,"F",2,"Sr Suprv","SRS"
41,17,0,0,0,"D",1,"Sr Suprv","SRS"
42,17,0,0,0,"D",1,"Sr Suprv","SRS"
43,17,2,0,0,"D",3,"Sr Suprv","SRS"
44,17,3,2,1,"D",2,"Sr Suprv","SRS"
45,0,0,0,0,"B",2,"Sr Suprv","SRS"
46,16,2,0,0,"G",1,"Sr Suprv","SRS"
47,19,0,0,0,"A",3,"Sr Suprv","SRS"
48,17,3,0,0,"F",4,"Sr Suprv","SRS"
49,0,0,0,0,"G",4,"Sr Suprv","SRS"
50,19,0,0,0,"D",2,"Sr Suprv","SRS"
51,16,1,0,0,"F",3,"Sr Suprv","SRS"
52,17,5,0,0,"B",4,"Sr Suprv","SRS"
53,16,0,0,0,"B",4,"Sr Suprv","SRS"
54,0,0,0,0,"F",4,"Sr Suprv","SRS"
55,0,0,0,0,"A",3,"Sr Suprv","SRS"
56,16,0,0,0,"B",1,"Sr Suprv","SRS"
57,0,0,0,0,"D",4,"Sr Suprv","SRS"
58,17,4,0,0,"A",1,"Sr Suprv","SRS"
59,0,0,0,0,"D",4,"Sr Suprv","SRS"
60,17,0,0,0,"D",2,"Sr Suprv","SRS"
61,16,0,0,0,"F",3,"Sr Suprv","SRS"
62,12,0,0,0,"F",4,"Sr Suprv","SRS"
63,16,0,0,0,"F",1,"Sr Suprv","SRS"
64,16,0,0,0,"A",2,"Sr Suprv","SRS"
65,16,1,0,0,"F",3,"Sr Suprv","SRS"
66,0,0,0,0,"F",2,"Sr Suprv","SRS"
67,18,0,0,0,"A",3,"Sr Suprv","SRS"
68,14,0,0,0,"F",2,"Sr Suprv","SRS"
69,22,0,0,0,"A",3,"Sr Suprv","SRS"
70,18,0,0,0,"G",4,"Sr Suprv","SRS"
71,18,3,0,0,"D",4,"Sr Suprv","SRS"
72,21,0,0,0,"A",3,"Sr Suprv","SRS"
73,0,0,0,0,"A",4,"Sr Suprv","SRS"
74,17,0,0,0,"G",3,"Sr Suprv","SRS"
75,17,0,0,0,"B",3,"Sr Suprv","SRS"
76,0,0,0,0,"G",3,"Sr Suprv","SRS"
77,0,0,0,0,"A",2,"Sr Suprv","SRS"
78,14,5,0,0,"F",3,"Sr Suprv","SRS"
79,17,0,0,0,"G",1,"Sr Suprv","SRS"
80,0,0,0,0,"A",3,"Sr Suprv","SRS"
81,18,0,2,0,"F",4,"Sr Suprv","SRS"
82,0,0,0,0,"G",3,"Sr Suprv","SRS"
83,15,0,0,0,"B",2,"Sr Suprv","SRS"
84,13,0,0,0,"G",2,"Sr Suprv","SRS"
85,15,1,0,0,"D",1,"Sr Suprv","SRS"
86,17,2,0,0,"F",1,"Sr Suprv","SRS"
87,0,0,0,0,"D",3,"Sr Suprv","SRS"
88,16,0,0,0,"F",3,"Sr Suprv","SRS"
89,17,0,0,0,"B",3,"Sr Suprv","SRS"
90,17,1,0,0,"B",3,"Sr Suprv","SRS"
91,0,0,0,0,"G",3,"Sr Suprv","SRS"
92,16,2,0,0,"B",3,"Sr Suprv","SRS"
93,9,1,0,0,"F",1,"Sr Suprv","SRS"
94,16,0,0,0,"G",3,"Sr Suprv","SRS"
95,15,0,0,0,"A",3,"Sr Suprv","SRS"
96,0,0,0,0,"D",3,"Sr Suprv","SRS"
97,15,2,1,1,"A",2,"Sr Suprv","SRS"
98,4,0,0,0,"A",4,"Sr Suprv","SRS"
99,17,0,0,0,"B",3,"Sr Suprv","SRS"
100,15,4,0,0,"D",3,"Sr Suprv","SRS"
101,0,0,0,0,"A",4,"Sr Suprv","SRS"
102,16,1,0,0,"D",3,"Sr Suprv","SRS"
103,7,0,0,0,"D",4,"Sr Suprv","SRS"
104,0,0,0,0,"D",3,"Sr Suprv","SRS"
105,5,1,0,0,"D",3,"Sr Suprv","SRS"
106,16,4,0,0,"B",1,"Sr Suprv","SRS"
107,15,1,0,0,"B",1,"Sr Suprv","SRS"
108,18,0,0,0,"A",2,"Sr Suprv","SRS"
109,0,0,0,0,"B",2,"Sr Suprv","SRS"
110,9,0,0,0,"G",4,"Sr Suprv","SRS"
111,0,0,0,0,"F",1,"Sr Suprv","SRS"
112,14,0,0,0,"B",3,"Sr Suprv","SRS"
113,17,0,0,0,"F",1,"Sr Suprv","SRS"
114,16,0,0,0,"A",1,"Sr Suprv","SRS"
115,5,0,0,0,"D",3,"Sr Suprv","SRS"
116,20,0,0,0,"G",2,"Sr Suprv","SRS"
117,0,0,0,0,"D",1,"Sr Suprv","SRS"
118,19,0,0,0,"A",2,"Sr Suprv","SRS"
119,0,0,0,0,"G",1,"Sr Suprv","SRS"
120,17,0,4,0,"F",3,"Sr Suprv","SRS"
121,0,0,0,0,"B",1,"Sr Suprv","SRS"
122,15,0,0,0,"G",2,"Sr Suprv","SRS"
123,16,0,0,0,"A",4,"Sr Suprv","SRS"
124,0,0,0,0,"A",4,"Sr Suprv","SRS"
125,19,1,0,0,"F",2,"Sr Suprv","SRS"
126,16,1,0,0,"F",3,"Sr Suprv","SRS"
127,14,0,0,0,"G",2,"Sr Suprv","SRS"
